symbol,entry_date,exit_date,direction,shares,entry_price,exit_price,pnl_dollars,pnl_pct,bars_held,fees
SWKS,2015-01-02,2015-02-02,Long,20.0,58.867987771593,67.105187455185,164.74399367184006,13.99%,31,0
SWKS,2015-01-02,2015-04-01,Long,11.0,58.867987771593,79.545330111933,227.45076574373996,35.12%,89,0
SWKS,2015-01-02,2015-05-01,Long,138.0,58.867987771593,74.657205237825,2178.9120103400155,26.82%,119,0
SWKS,2017-03-01,2017-05-01,Long,166.0,78.990734897074,82.932122858004,654.2704015143802,4.99%,61,0
SWKS,2019-12-02,2020-01-02,Long,20.0,85.28108830241,105.131633977152,397.01091349484017,23.28%,31,0
SWKS,2019-12-02,2020-02-03,Long,159.0,85.28108830241,98.40870602676,2087.2912181716506,15.39%,63,0
SWKS,2020-07-01,2020-08-03,Long,177.0,112.295857229556,127.603374762132,2709.430603265952,13.63%,33,0
SWKS,2023-03-01,2023-05-01,Long,322.0,102.13681630152,96.7525130376,-1733.745650982241,-5.27%,61,0
SWKS,2024-08-01,2024-08-05,Long,382.0,107.57744661664,98.9337656016,-3301.8861477452806,-8.03%,4,0
EA,2015-01-02,2015-02-02,Long,30.0,45.762967023774,53.286692349618,225.71175977531993,16.44%,31,0
EA,2015-01-02,2015-05-01,Long,188.0,45.762967023774,56.424060491967,2004.285572020283,23.30%,119,0
EA,2015-03-02,2015-05-01,Long,6.0,55.651349519766,56.424060491967,4.636265833205982,1.39%,60,0
EA,2015-06-01,2015-07-01,Long,8.0,61.082173764612,64.59287351895,28.08559803470399,5.75%,30,0
EA,2015-06-01,2015-08-03,Long,5.0,61.082173764612,69.498046620765,42.07936428076497,13.78%,63,0
EA,2015-06-01,2015-11-02,Long,163.0,61.082173764612,70.003133752041,1454.1164779509259,14.60%,154,0
EA,2017-06-01,2017-07-03,Long,136.0,110.300235066021,102.688099074036,-1035.2504949099598,-6.90%,32,0
EA,2018-03-01,2018-04-02,Long,136.0,120.39300342069,117.763007299812,-357.6794724394067,-2.18%,32,0
EA,2018-07-02,2018-07-30,Long,122.0,137.249970431574,129.972517377003,-887.8492726576652,-5.30%,28,0
EA,2020-02-03,2020-03-02,Long,164.0,105.034866040104,98.462850956631,-1077.8104736895727,-6.26%,28,0
EA,2023-12-01,2024-01-02,Long,299.0,136.776669963934,135.316489912146,-436.5938354846122,-1.07%,32,0
EA,2024-08-01,2024-09-23,Long,274.0,150.00656032362,138.586380889005,-3129.1291650845083,-7.61%,53,0
LOW,2015-01-02,2015-04-01,Long,176.0,56.451066672,61.127658459693,823.0801546339678,8.28%,89,0
LOW,2015-02-02,2015-04-01,Long,4.0,55.791133886488,61.127658459693,21.346098292820017,9.57%,58,0
LOW,2017-05-01,2017-06-01,Long,193.0,72.530830580208,67.175287851618,-1033.619746617872,-7.38%,31,0
LOW,2018-02-01,2018-02-26,Long,193.0,90.801490141362,84.355490175894,-1244.0779933353222,-7.10%,25,0
LOW,2018-10-01,2018-10-15,Long,167.0,100.512752812472,92.047245670944,-1413.7396926351773,-8.42%,14,0
LOW,2020-07-01,2020-10-01,Long,13.0,122.47236149148,150.582236494536,365.42837503972805,22.95%,92,0
LOW,2020-07-01,2020-11-02,Long,149.0,122.47236149148,144.05654842083,3216.0438524731517,17.62%,124,0
LOW,2020-09-01,2020-11-02,Long,10.0,149.837352208544,144.05654842083,-57.80803787713978,-3.86%,62,0
LOW,2021-10-01,2021-11-01,Long,182.0,187.084625402675,216.111847069755,5282.95434340856,15.52%,31,0
LOW,2021-12-01,2022-01-03,Long,6.0,226.712825053715,238.921753350735,73.25356978212005,5.39%,33,0
LOW,2021-12-01,2022-01-24,Long,159.0,226.712825053715,208.460489903937,-2902.1212888147006,-8.05%,54,0
LOW,2024-09-03,2024-10-01,Long,14.0,242.8337084173,264.14526485547,298.3617901343798,8.78%,28,0
LOW,2024-09-03,2024-12-02,Long,157.0,242.8337084173,266.813320660938,3764.799122251171,9.87%,90,0
LOW,2024-11-01,2024-12-02,Long,3.0,256.945237571022,266.813320660938,29.60424926974804,3.84%,31,0
TTWO,2015-01-02,2015-02-02,Long,17.0,28.05803,29.69028,27.748250000000045,5.82%,31,0
TTWO,2015-01-02,2015-03-02,Long,338.0,28.05803,26.46351,-538.9477599999998,-5.68%,59,0
TTWO,2015-08-03,2015-08-24,Long,359.0,31.61158,28.85112,-991.0051399999994,-8.73%,21,0
TTWO,2017-06-01,2017-06-26,Long,195.0,76.81674,72.80712,-781.8758999999997,-5.22%,25,0
TTWO,2017-09-01,2017-11-01,Long,10.0,97.88779,110.53935,126.51560000000003,12.92%,61,0
TTWO,2017-09-01,2017-12-01,Long,148.0,97.88779,111.43845,2005.497680000001,13.84%,91,0
TTWO,2018-07-02,2018-08-01,Long,141.0,118.47836,112.90698,-785.5645799999987,-4.70%,30,0
TTWO,2019-07-01,2019-08-01,Long,10.0,113.64353,122.39748,87.53950000000003,7.70%,31,0
TTWO,2019-07-01,2019-09-03,Long,9.0,113.64353,131.83803,163.75050000000005,16.01%,64,0
TTWO,2019-07-01,2019-10-01,Long,106.0,113.64353,125.21466,1226.5397799999996,10.18%,92,0
TTWO,2020-09-01,2020-09-14,Long,151.0,171.36119,153.37647,-2715.6927199999973,-10.50%,13,0
TTWO,2023-05-01,2023-06-01,Long,8.0,124.41429,137.59227,105.42384000000015,10.59%,31,0
TTWO,2023-05-01,2023-07-03,Long,272.0,124.41429,147.01284,6146.805600000005,18.16%,63,0
AVGO,2015-01-02,2015-03-02,Long,189.0,7.7127974965041,9.7657875406962,388.0151183523069,26.62%,59,0
AVGO,2015-01-02,2015-05-01,Long,1104.0,7.7127974965041,8.9703407055744,1388.327702813612,16.30%,119,0
AVGO,2015-04-01,2015-05-01,Long,27.0,9.7650089913376,8.9703407055744,-21.456043715606384,-8.14%,30,0
AVGO,2016-01-04,2016-01-11,Long,485.0,11.263538653367,9.928353903804,-647.564603538055,-11.85%,7,0
AVGO,2017-03-01,2017-05-01,Long,789.0,16.6181762755008,17.4405556294569,648.8573102713613,4.95%,61,0
AVGO,2019-03-01,2019-04-01,Long,653.0,22.836472266608,25.1113267066302,1485.4799493344985,9.96%,31,0
AVGO,2020-10-01,2020-11-02,Long,741.0,32.5300929761808,31.1560500074553,-1018.1658398255988,-4.22%,32,0
AVGO,2022-01-03,2022-01-24,Long,619.0,61.6999506651528,49.3448098143816,-7647.832186627373,-20.02%,21,0
AVGO,2023-01-03,2023-03-01,Long,314.0,53.5125773307125,56.7639889527375,1020.9432493158488,6.08%,57,0
AVGO,2023-02-01,2023-03-01,Long,295.0,55.9894708998625,56.7639889527375,228.48282559812367,1.38%,28,0
AVGO,2023-07-03,2023-09-01,Long,475.0,84.0620102099778,89.2579039581906,2468.0495304010783,6.18%,60,0
AVGO,2023-12-01,2024-01-02,Long,453.0,90.2004278277102,109.04594085405,8537.01740093193,20.89%,32,0
AVGO,2024-02-01,2024-04-01,Long,365.0,115.5044266376,130.030098536904,5301.87024324596,12.58%,60,0
DLTR,2015-01-02,2015-02-02,Long,141.0,70.45038,71.0289,81.57131999999964,0.82%,31,0
DLTR,2015-03-02,2015-05-01,Long,135.0,79.75968,76.33359,-462.5221500000003,-4.30%,60,0
DLTR,2016-01-04,2016-04-01,Long,70.0,77.29722,82.37754,355.6224,6.57%,88,0
DLTR,2017-10-02,2017-11-01,Long,5.0,86.90682,91.15875,21.259650000000008,4.89%,30,0
DLTR,2017-10-02,2017-12-01,Long,179.0,86.90682,102.65724,2819.325180000001,18.12%,60,0
DLTR,2018-01-02,2018-02-01,Long,154.0,107.41731,114.885,1150.0242600000006,6.95%,30,0
DLTR,2021-12-01,2022-01-03,Long,8.0,133.96383,140.37948,51.325199999999995,4.79%,33,0
DLTR,2021-12-01,2022-01-24,Long,271.0,133.96383,126.10377,-2130.076260000001,-5.87%,54,0
DLTR,2022-04-01,2022-05-23,Long,225.0,160.31015,127.75212,-7325.556749999997,-20.31%,52,0
ADI,2015-01-02,2015-02-02,Long,224.0,44.382849246736,41.573654802927,-629.2595554132156,-6.33%,31,0
ADI,2015-05-01,2015-06-01,Long,209.0,49.769042218896,54.913736530764,1075.2411111804122,10.34%,31,0
ADI,2019-04-01,2019-05-01,Long,163.0,93.179104637619,102.683561180472,1549.2264164850378,10.20%,30,0
ADI,2023-01-03,2023-02-01,Long,108.0,155.867471608849,162.611690336199,728.3756225537987,4.33%,29,0
ADI,2023-04-03,2023-04-24,Long,187.0,188.278026700764,177.535899694692,-2008.7777501354633,-5.71%,21,0
ADI,2024-06-03,2024-08-01,Long,181.0,228.134459108556,225.552604369248,-467.31570781474795,-1.13%,59,0
ADI,2024-07-01,2024-08-01,Long,5.0,222.956650620704,225.552604369248,12.979768742719955,1.16%,31,0
AMAT,2015-01-02,2015-02-02,Long,458.0,21.751428935236,19.896068387628,-849.7551308044644,-8.53%,31,0
AMAT,2016-01-04,2016-01-11,Long,328.0,16.636270916265,14.931167691195,-559.2738578229604,-10.25%,7,0
AMAT,2016-04-01,2016-05-02,Long,22.0,18.974926772802,18.302204607867,-14.799887628569984,-3.55%,31,0
AMAT,2016-04-01,2016-05-09,Long,521.0,18.974926772802,17.765745264207,-629.9835659779959,-6.37%,38,0
AMAT,2016-08-01,2016-09-01,Long,29.0,23.656220985397,26.889172719192,93.75560028005505,13.67%,31,0
AMAT,2016-08-01,2016-11-01,Long,406.0,23.656220985397,26.204327837604,1034.531381996043,10.77%,92,0
AMAT,2016-10-03,2016-11-01,Long,14.0,27.222908768055,26.204327837604,-14.260133026313973,-3.74%,29,0
AMAT,2017-02-01,2017-03-01,Long,422.0,31.023821253425,32.836042200888,764.7572398293862,5.84%,28,0
AMAT,2017-04-03,2017-06-01,Long,387.0,35.33625739644,41.68672798356,2457.6321172154403,17.97%,59,0
AMAT,2017-11-01,2017-12-01,Long,318.0,51.494035046454,48.139840364607,-1066.6339088273476,-6.51%,30,0
AMAT,2019-08-01,2019-08-26,Long,305.0,46.326231399448,42.444404660448,-1183.9571553949993,-8.38%,25,0
AMAT,2019-09-03,2019-10-01,Long,311.0,45.262871295642,46.94095284921,521.8833631596477,3.71%,28,0
AMAT,2019-11-01,2019-12-02,Long,292.0,51.144593846346,54.65489617422,1025.0082797392083,6.86%,31,0
AMAT,2021-02-01,2021-03-01,Long,7.0,92.677723073936,113.285485809306,144.25433914759003,22.24%,28,0
AMAT,2021-02-01,2021-04-01,Long,314.0,92.677723073936,128.05601915664,11108.784969969056,38.17%,59,0
AMAT,2023-04-03,2023-04-10,Long,293.0,119.962014705533,111.554349179805,-2463.4459990383016,-7.01%,7,0
AMAT,2023-07-03,2023-08-01,Long,282.0,141.52889784033,148.135462558695,1863.051250578932,4.67%,29,0
AMAT,2024-03-01,2024-04-01,Long,7.0,198.609144545812,202.744407243402,28.946838883130056,2.08%,31,0
AMAT,2024-03-01,2024-04-22,Long,222.0,198.609144545812,186.562605646998,-2674.331635536706,-6.07%,52,0
YHOO,2015-01-02,2015-02-02,Long,723.0,13.782739409439,11.979633985389,-1303.6452215881493,-13.08%,31,0
YHOO,2016-05-02,2016-06-01,Long,957.0,9.98709685974,10.332059863734,330.12959482225943,3.45%,30,0
YHOO,2017-07-03,2017-08-01,Long,37.0,14.866039260072,15.90385598424,38.39921879421598,6.98%,29,0
YHOO,2017-07-03,2017-09-01,Long,79.0,14.866039260072,17.450669374488,204.18577903886407,17.39%,60,0
YHOO,2017-07-03,2017-11-01,Long,886.0,14.866039260072,19.095520233132,3747.3201421311596,28.45%,121,0
ROST,2015-01-02,2015-02-02,Long,235.0,42.363954077445,41.1355356950925,-288.6783198528378,-2.90%,31,0
ROST,2018-01-02,2018-03-01,Long,224.0,74.1911873703,72.050021404452,-479.62117634995275,-2.89%,58,0
ROST,2018-02-01,2018-03-01,Long,6.0,76.169619033508,72.050021404452,-24.717585774336015,-5.41%,28,0
ROST,2018-09-04,2018-10-01,Long,6.0,89.042195430188,92.15516596662,18.67782321859201,3.50%,27,0
ROST,2018-09-04,2018-11-26,Long,182.0,89.042195430188,74.728447397352,-2605.1021419761523,-16.08%,83,0
ROST,2019-08-01,2019-09-03,Long,141.0,99.609672447285,99.391900702905,-30.705815957580285,-0.22%,33,0
ROST,2023-01-03,2023-03-01,Long,149.0,112.455474715584,106.883702554752,-830.1940519639677,-4.95%,57,0
ROST,2023-02-01,2023-03-01,Long,149.0,114.509455988928,106.883702554752,-1136.2372616922225,-6.66%,28,0
CELG,2015-02-02,2015-03-02,Long,84.0,119.27916,121.40847,178.86203999999913,1.79%,28,0
CELG,2018-09-04,2018-09-17,Long,177.0,94.54445,87.08283,-1320.7067399999994,-7.89%,13,0
CELG,2019-10-01,2019-11-01,Long,143.0,99.3993,107.92197,1218.7418100000007,8.57%,31,0
GAP,2015-02-02,2015-03-02,Long,361.0,27.789710735787,28.01024939232,79.6144550084123,0.79%,28,0
GAP,2016-04-01,2016-04-11,Long,504.0,20.433132563844,16.661571894855,-1900.8665771704561,-18.46%,10,0
GAP,2016-09-01,2016-09-12,Long,622.0,17.599684763661,16.491015481995,-689.5922931962518,-6.30%,11,0
GAP,2018-02-01,2018-03-01,Long,707.0,24.869895424374,23.573971322109,-916.2183403013559,-5.21%,28,0
GAP,2020-08-03,2020-09-01,Long,161.0,11.294221927989,14.66917092522,543.366788554191,29.88%,29,0
GAP,2020-08-03,2020-10-01,Long,83.0,11.294221927989,14.357240279109,254.23052314296,27.12%,59,0
GAP,2020-08-03,2020-11-02,Long,211.0,11.294221927989,16.389004757832,1074.9991770968734,45.11%,91,0
GAP,2020-08-03,2021-01-04,Long,1466.0,11.294221927989,17.021296608057,8395.891480979688,50.71%,154,0
GAP,2020-12-01,2021-01-04,Long,74.0,17.714273285709,17.021296608057,-51.28027414624814,-3.91%,34,0
GAP,2021-04-01,2021-05-03,Long,162.0,25.156464399066,28.13058058068,481.8068214214681,11.82%,32,0
GAP,2021-04-01,2021-06-01,Long,1264.0,25.156464399066,28.436532514488,4146.006097893409,13.04%,61,0
GAP,2022-12-01,2023-01-03,Long,2819.0,13.163114332368,10.191421353024,-8377.202508770737,-22.58%,33,0
GAP,2023-12-01,2024-01-22,Long,2123.0,19.276082642817,18.285609444642,-2102.7745997255242,-5.14%,52,0
HD,2015-02-02,2015-04-01,Long,124.0,80.747382629914,88.129583646552,915.3929260631128,9.14%,58,0
HD,2018-02-01,2018-02-12,Long,106.0,165.58352487677,151.450099734564,-1498.1430650738384,-8.54%,11,0
HD,2019-08-01,2019-09-03,Long,77.0,182.71909884228,194.20716539304,884.5811244085186,6.29%,33,0
HD,2019-10-01,2019-11-25,Long,71.0,199.603958720166,187.193771096751,-881.1233212624649,-6.22%,55,0
HD,2019-11-01,2019-11-25,Long,3.0,201.866515445595,187.193771096751,-44.01823304653206,-7.27%,24,0
HD,2021-05-03,2021-06-01,Long,123.0,288.63915673593,283.82611166811,-592.0045433418582,-1.67%,29,0
HD,2021-12-01,2022-01-03,Long,103.0,360.951133800257,374.721855810237,1418.3843670279375,3.82%,33,0
HD,2023-01-03,2023-02-01,Long,57.0,292.957612191244,300.064341012282,405.08354279916705,2.43%,29,0
HD,2024-10-01,2024-12-02,Long,105.0,393.66592701436,418.272849947511,2583.726907980855,6.25%,62,0
HD,2024-11-01,2024-12-02,Long,3.0,382.541852818125,418.272849947511,107.19299138815808,9.34%,31,0
KSS,2015-02-02,2015-03-02,Long,38.0,34.447184888116,42.472125793566,304.9477544071001,23.30%,28,0
KSS,2015-02-02,2015-04-01,Long,10.0,34.447184888116,45.32333964165,108.76154753534003,31.57%,58,0
KSS,2015-02-02,2015-05-01,Long,243.0,34.447184888116,41.50054038753,1713.9653863576027,20.48%,88,0
KSS,2016-12-01,2017-01-03,Long,373.0,33.191857334636,30.664737213354,-942.6158052381845,-7.61%,33,0
KSS,2018-02-01,2018-03-01,Long,34.0,42.476920991505,43.255993791915,26.488475213940205,1.83%,28,0
KSS,2018-02-01,2018-04-02,Long,380.0,42.476920991505,43.282179953541,305.99840557367986,1.90%,60,0
KSS,2021-01-04,2021-03-01,Long,53.0,30.134226274152,40.8353279958,567.1583912473441,35.51%,56,0
KSS,2021-01-04,2021-04-01,Long,63.0,30.134226274152,44.233362727632,888.24559656924,46.79%,87,0
KSS,2021-01-04,2021-05-03,Long,809.0,30.134226274152,43.528419016992,10835.901928957559,44.45%,119,0
KSS,2023-08-01,2023-08-28,Long,1751.0,23.76052201523,19.903957710408,-6752.844097743317,-16.23%,27,0
KSS,2024-01-02,2024-01-22,Long,1741.0,24.901409500968,21.57622891326,-5789.13940319963,-13.35%,20,0
ULTA,2015-02-02,2015-04-01,Long,76.0,132.07194,150.69915,1415.6679599999993,14.10%,58,0
ULTA,2015-05-01,2015-06-01,Long,69.0,151.24109,152.46738,84.61400999999844,0.81%,31,0
ULTA,2016-05-02,2016-06-01,Long,3.0,208.48828,232.77699,72.86613000000003,11.65%,30,0
ULTA,2016-05-02,2016-07-01,Long,3.0,208.48828,243.39636,104.72423999999995,16.74%,60,0
ULTA,2016-05-02,2016-09-01,Long,39.0,208.48828,246.96279,1500.5058900000004,18.45%,122,0
ULTA,2018-06-01,2018-07-02,Long,68.0,247.15691,233.22654,-947.2651600000007,-5.64%,31,0
ULTA,2019-04-01,2019-07-01,Long,43.0,349.07873,346.54311,-109.03165999999976,-0.73%,91,0
ULTA,2019-05-01,2019-07-01,Long,1.0,349.32898,346.54311,-2.7858699999999885,-0.80%,61,0
ULTA,2020-10-01,2020-11-02,Long,107.0,224.20398,206.56323,-1887.5602499999998,-7.87%,32,0
ULTA,2023-01-03,2023-03-01,Long,3.0,469.53907,518.2812,146.2263900000001,10.38%,57,0
ULTA,2023-01-03,2023-04-03,Long,32.0,469.53907,545.12433,2418.72832,16.10%,90,0
ULTA,2023-02-01,2023-04-03,Long,31.0,514.47396,545.12433,950.1614699999985,5.96%,61,0
NFLX,2015-03-02,2015-03-23,Long,1591.0,6.791206208787,6.11244674469,-1079.9063073783275,-9.99%,21,0
NFLX,2015-06-01,2015-07-01,Long,50.0,8.924049075942,9.375462910242,22.570691715000013,5.06%,30,0
NFLX,2015-06-01,2015-08-03,Long,167.0,8.924049075942,11.419569,416.751827317686,27.96%,63,0
NFLX,2015-06-01,2015-11-02,Long,994.0,8.924049075942,10.827162,1891.694246513652,21.33%,154,0
NFLX,2017-03-01,2017-04-03,Long,922.0,14.227213,14.766219,496.96353199999885,3.79%,33,0
NFLX,2018-03-01,2018-04-02,Long,29.0,29.167138,29.505465,9.811482999999988,1.16%,32,0
NFLX,2018-03-01,2018-05-01,Long,33.0,29.167138,31.214754,67.57132799999994,7.02%,61,0
NFLX,2018-03-01,2018-06-01,Long,503.0,29.167138,35.12484,2996.7241059999988,20.43%,92,0
NFLX,2018-07-02,2018-07-23,Long,429.0,39.182143,36.068895,-1335.5833920000025,-7.95%,21,0
NFLX,2019-03-01,2019-04-01,Long,416.0,35.84581,35.620344,-93.79385599999887,-0.63%,31,0
NFLX,2020-02-03,2020-05-01,Long,291.0,34.543509,41.943015,2153.256246000001,21.42%,88,0
NFLX,2020-02-03,2020-07-01,Long,208.0,34.543509,45.458496,2270.3172959999993,31.60%,149,0
NFLX,2020-06-01,2020-07-01,Long,225.0,42.014973,45.458496,774.7926749999998,8.20%,30,0
NFLX,2021-10-01,2021-11-01,Long,557.0,61.095034,68.961969,4381.882794999999,12.88%,31,0
NFLX,2022-09-01,2022-11-01,Long,823.0,22.378356,29.158812,5580.315288000001,30.30%,61,0
NFLX,2022-12-01,2023-01-03,Long,1212.0,30.583553,29.458512,-1363.5496919999994,-3.68%,33,0
NFLX,2023-02-01,2023-02-27,Long,963.0,35.421386,31.683285,-3599.791262999997,-10.55%,26,0
NFLX,2023-07-03,2023-08-21,Long,906.0,44.093049,40.412547,-3334.534811999997,-8.35%,49,0
NFLX,2023-08-01,2023-08-21,Long,41.0,43.940897,40.412547,-144.66234999999983,-8.03%,20,0
NFLX,2024-01-02,2024-02-01,Long,889.0,48.736688,56.354589,6772.313988999997,15.63%,30,0
NFLX,2024-03-01,2024-04-22,Long,755.0,60.352292,55.448496,-3702.36598,-8.13%,52,0
BIIB,2015-03-02,2015-05-01,Long,26.0,409.99959,373.55607,-947.5315200000009,-8.89%,60,0
BIIB,2017-09-01,2017-11-01,Long,48.0,316.87656,311.34834,-265.35455999999886,-1.74%,61,0
BIIB,2017-10-02,2017-11-01,Long,3.0,313.43312,311.34834,-6.2543399999999,-0.67%,30,0
BIIB,2018-08-01,2018-09-04,Long,48.0,334.70437,353.13651,884.7427200000002,5.51%,34,0
BIIB,2022-11-01,2023-01-03,Long,65.0,283.72344,276.64308,-460.223399999999,-2.50%,63,0
BIIB,2022-12-01,2023-01-03,Long,56.0,305.47517,276.64308,-1614.5970399999997,-9.44%,33,0
BIIB,2023-06-01,2023-07-03,Long,126.0,296.70641,284.56515,-1529.7987599999985,-4.09%,32,0
NXPI,2015-04-01,2015-04-27,Long,123.0,89.275214023996,84.631346600337,-571.1956931100574,-5.20%,26,0
NXPI,2016-06-01,2016-06-20,Long,117.0,84.053556926339,75.478412755278,-1003.2918680141368,-10.20%,19,0
NXPI,2019-10-01,2019-11-01,Long,144.0,98.494366082112,102.405317342832,563.1769815436817,3.97%,31,0
NXPI,2020-02-03,2020-03-02,Long,150.0,114.854319517938,102.725036262873,-1819.3924882597485,-10.56%,28,0
NXPI,2020-11-02,2020-12-01,Long,6.0,123.6563171844,144.6898582071,126.20124613620004,17.01%,29,0
NXPI,2020-11-02,2021-01-04,Long,188.0,123.6563171844,145.576209893175,4120.939829249699,17.73%,63,0
NXPI,2023-08-01,2023-08-14,Long,195.0,213.370263762656,195.00921382176,-3580.404738474722,-8.61%,13,0
TWTR,2015-04-01,2015-05-01,Long,220.0,50.13008,38.92104,-2465.9888000000005,-22.36%,30,0
TWTR,2016-08-01,2016-09-01,Long,618.0,16.65664,19.19079,1566.1047000000003,15.21%,31,0
TWTR,2017-12-01,2018-01-02,Long,93.0,20.60058,23.98599,314.84313000000003,16.43%,32,0
TWTR,2017-12-01,2018-02-01,Long,692.0,20.60058,25.78419,3587.058119999999,25.16%,62,0
TWTR,2018-03-01,2018-04-02,Long,516.0,31.90187,28.98099,-1507.1740800000002,-9.16%,32,0
TWTR,2018-07-02,2018-07-30,Long,384.0,43.73369,34.08588,-3704.75904,-22.06%,28,0
TWTR,2019-09-03,2019-10-01,Long,330.0,42.67263,41.13882,-506.1572999999985,-3.59%,28,0
TWTR,2020-10-01,2020-11-02,Long,541.0,44.5445,41.32863,-1739.7856700000013,-7.22%,32,0
TWTR,2021-08-02,2021-08-16,Long,489.0,69.81975,64.75518,-2476.5747300000016,-7.25%,14,0
JD,2015-04-01,2015-05-01,Long,71.0,26.686212577024,30.422052582912,265.2446404180478,14.00%,30,0
JD,2015-04-01,2015-07-01,Long,342.0,26.686212577024,30.91156117632,1445.0692209592314,15.83%,91,0
JD,2015-06-01,2015-07-01,Long,11.0,30.591955057664,30.91156117632,3.5156673052160095,1.04%,30,0
JD,2016-01-04,2016-01-11,Long,186.0,29.311234848896,25.037458055424,-794.9224835857918,-14.58%,7,0
JD,2016-10-03,2016-11-01,Long,483.0,23.697865423232,23.52360740544,-84.16662259353552,-0.74%,29,0
JD,2017-04-03,2017-05-01,Long,43.0,28.257592691328,31.790863649664,151.93065120844804,12.50%,28,0
JD,2017-04-03,2017-06-01,Long,28.0,28.257592691328,36.287090729856,224.82594507878392,28.42%,59,0
JD,2017-04-03,2017-08-01,Long,413.0,28.257592691328,40.946487341184,5240.513490390529,44.90%,120,0
JD,2019-03-01,2019-04-01,Long,36.0,25.169331195008,27.33089646528,77.816349729792,8.59%,31,0
JD,2019-03-01,2019-06-03,Long,556.0,25.169331195008,23.351372900352,-1010.784811828735,-7.22%,94,0
JD,2019-05-01,2019-06-03,Long,15.0,27.494610439296,23.351372900352,-62.148563084159996,-15.07%,33,0
JD,2020-02-03,2020-05-01,Long,280.0,34.234286998912,39.07003773312,1354.0102055782415,14.13%,88,0
JD,2020-02-03,2020-09-01,Long,223.0,34.234286998912,71.286955158528,8262.74499959437,108.23%,211,0
JD,2020-06-01,2020-09-01,Long,146.0,49.348602086784,71.286955158528,3202.9995484746246,44.46%,92,0
JD,2020-11-02,2020-12-01,Long,325.0,74.045610935296,77.36955268032,1080.2810671328004,4.49%,29,0
JD,2023-02-01,2023-02-13,Long,615.0,55.436074210517,48.596684151519,-4206.22488628377,-12.34%,12,0
JD,2024-05-01,2024-06-03,Long,1510.0,28.090742638959,28.743003246978,984.9135181086881,2.32%,33,0
ETFC,2015-04-01,2015-05-01,Long,24.0,27.906173943648,28.074702926268,4.044695582879996,0.60%,30,0
ETFC,2015-04-01,2015-06-01,Long,371.0,27.906173943648,28.728056554632,304.9184486750646,2.95%,61,0
ETFC,2016-11-01,2016-12-01,Long,33.0,27.515331171328,33.652587634092,202.52946327121202,22.30%,30,0
ETFC,2016-11-01,2017-02-01,Long,23.0,27.515331171328,36.51954236154,207.09685737487592,32.72%,92,0
ETFC,2016-11-01,2017-03-01,Long,344.0,27.515331171328,33.652587634092,2111.216223190816,22.30%,120,0
ETFC,2017-01-03,2017-03-01,Long,13.0,33.85675515222,33.652587634092,-2.6541777356640353,-0.60%,57,0
ETFC,2017-08-01,2017-10-02,Long,384.0,40.0613841628,42.526495123812,946.6026090286059,6.15%,62,0
ETFC,2018-05-01,2018-07-02,Long,265.0,59.290848560944,59.640459568272,92.64691694192021,0.59%,62,0
ETFC,2018-06-01,2018-07-02,Long,6.0,61.89972406618,59.640459568272,-13.555586987447995,-3.65%,31,0
REGN,2015-05-01,2015-06-01,Long,1.0,455.391770457624,509.223191139936,53.831420682312,11.82%,31,0
REGN,2015-05-01,2015-11-02,Long,21.0,455.391770457624,553.761344056284,2065.76104557186,21.60%,185,0
REGN,2017-07-03,2017-08-14,Long,30.0,488.919499284216,463.552459719804,-761.0111869323595,-5.19%,42,0
REGN,2017-08-01,2017-08-14,Long,1.0,489.397329148728,463.552459719804,-25.84486942892397,-5.28%,13,0
REGN,2018-08-01,2018-09-04,Long,3.0,366.346184248044,404.1020231703,113.2675167667681,10.31%,34,0
REGN,2018-08-01,2018-10-01,Long,41.0,366.346184248044,401.409665499024,1437.6027312901813,9.57%,61,0
REGN,2019-12-02,2020-01-27,Long,41.0,367.3317083436,343.032198058368,-996.2799216945109,-6.62%,56,0
REGN,2020-01-02,2020-01-27,Long,4.0,373.782411514512,343.032198058368,-123.00085382457587,-8.23%,25,0
REGN,2020-05-01,2020-07-01,Long,16.0,523.502435728272,619.58998586394,1537.4008021706886,18.35%,61,0
REGN,2020-06-01,2020-07-01,Long,13.0,610.039415149164,619.58998586394,124.15741929208764,1.57%,30,0
REGN,2021-08-02,2021-09-01,Long,6.0,572.012121765084,669.01610916504,582.0239243997362,16.96%,30,0
REGN,2021-08-02,2021-10-01,Long,53.0,572.012121765084,601.240227122808,1549.089583959376,5.11%,60,0
REGN,2022-11-01,2022-12-01,Long,24.0,745.3648146945,746.80636955652,34.59731668848235,0.19%,30,0
REGN,2023-05-01,2023-05-08,Long,43.0,798.165014723076,757.13866467876,-1764.133051905584,-5.14%,7,0
REGN,2023-10-02,2023-10-30,Long,51.0,819.239302705824,770.133512774808,-2504.3952864818175,-5.99%,28,0
REGN,2024-08-01,2024-09-03,Long,3.0,1074.31085725564,1176.97756811216,308.00013256956004,9.56%,33,0
REGN,2024-08-01,2024-10-01,Long,35.0,1074.31085725564,1044.39633887534,-1047.0081433105008,-2.78%,61,0
PXD,2015-05-01,2015-05-11,Long,77.0,134.590366002092,123.655344959916,-841.9966202475523,-8.12%,10,0
PXD,2016-05-02,2016-06-20,Long,73.0,129.46682312564,120.137907290544,-681.0108559620069,-7.21%,49,0
PXD,2016-06-01,2016-06-20,Long,6.0,124.961595927168,120.137907290544,-28.94213181974399,-3.86%,19,0
PXD,2018-06-01,2018-07-02,Long,111.0,150.76007444498,147.451236756408,-367.2809834314918,-2.19%,31,0
PXD,2021-02-01,2021-03-01,Long,305.0,97.71163324923,119.834675948421,6747.528023253251,22.64%,28,0
PXD,2021-04-01,2021-04-12,Long,278.0,128.80312966521,119.132687755305,-2688.3828509535924,-7.51%,11,0
PXD,2021-11-01,2021-11-22,Long,251.0,154.251663880314,145.282193257122,-2251.337126421191,-5.81%,21,0
PXD,2022-02-01,2022-03-01,Long,98.0,184.250111719674,204.7050832068,2004.5872057383467,11.10%,28,0
PXD,2022-02-01,2022-06-01,Long,85.0,184.250111719674,243.889773746346,5069.37127226712,32.37%,120,0
PXD,2022-04-01,2022-06-01,Long,1.0,214.04373641651,243.889773746346,29.846037329836008,13.94%,61,0
PXD,2022-04-01,2022-07-18,Long,82.0,214.04373641651,182.912942856105,-2552.7250719532108,-14.54%,108,0
PXD,2022-11-01,2022-12-01,Long,79.0,233.524108808991,218.60714934468,-1178.4397976805683,-6.39%,30,0
PXD,2023-09-01,2023-09-25,Long,181.0,230.613386161158,217.433911216221,-2385.484965033597,-5.71%,24,0
PXD,2024-05-01,2024-05-04,Long,157.0,269.58932,269.62,4.81676000000283,0.01%,3,0
CRM,2015-05-01,2015-06-01,Long,144.0,72.027675267548,71.8048032201,-32.09357483251301,-0.31%,31,0
CRM,2015-11-02,2015-12-01,Long,138.0,76.853915214076,78.654635994636,248.49946771727986,2.34%,29,0
CRM,2019-03-01,2019-04-01,Long,92.0,161.84716541994,156.312394308828,-509.1989422223047,-3.42%,31,0
CRM,2021-10-01,2021-11-01,Long,127.0,268.232130798632,295.796308962636,3500.650626828505,10.28%,31,0
CRM,2023-03-01,2023-04-03,Long,25.0,161.807606076116,197.184379207032,884.4193282729002,21.86%,33,0
CRM,2023-03-01,2023-06-01,Long,178.0,161.807606076116,220.477758670872,10443.287161866567,36.26%,92,0
CRM,2024-01-02,2024-02-01,Long,14.0,260.241143346184,277.437967520796,240.75553844456806,6.61%,30,0
CRM,2024-01-02,2024-03-01,Long,152.0,260.241143346184,304.807688390808,6774.114846782844,17.13%,59,0
CRM,2024-11-01,2024-12-02,Long,7.0,289.439406184929,327.148561145817,263.9640847262159,13.03%,31,0
JPM,2015-05-01,2015-06-01,Long,220.0,47.444420639616,49.235827335552,394.1094731059209,3.78%,31,0
JPM,2016-12-01,2017-01-03,Long,7.0,62.753811261141,67.409344395783,32.58873194249394,7.42%,33,0
JPM,2016-12-01,2017-03-01,Long,190.0,62.753811261141,71.183622664458,1601.6641666302294,13.43%,90,0
JPM,2017-02-01,2017-03-01,Long,6.0,66.611460898983,71.183622664458,27.432970592850012,6.86%,28,0
JPM,2019-11-01,2019-12-02,Long,141.0,105.49896098742,111.05323236324,783.1522639906191,5.26%,31,0
XLNX,2015-05-01,2015-06-01,Long,16.0,38.425528469328,42.235748499474,60.96352048233598,9.92%,31,0
XLNX,2015-05-01,2015-07-01,Long,255.0,38.425528469328,39.332152124352,231.1890320311198,2.36%,61,0
XLNX,2015-11-02,2015-12-01,Long,248.0,42.815571094296,44.878821392862,511.686074044369,4.82%,29,0
XLNX,2017-02-01,2017-03-01,Long,241.0,54.11366504544,54.891997217838,187.57805354791685,1.44%,28,0
XLNX,2018-10-01,2018-10-22,Long,218.0,77.339889559933,71.34134333391,-1307.683077273013,-7.76%,21,0
XLNX,2019-03-01,2019-04-29,Long,122.0,121.7786848278,115.35675695082,-783.4752009915609,-5.27%,59,0
XLNX,2020-12-01,2021-01-04,Long,187.0,145.1582248116,141.10590508776,-757.7837883580827,-2.79%,34,0
XLNX,2021-09-01,2021-10-01,Long,6.0,155.17120026408,150.28271573112,-29.33090719776004,-3.15%,30,0
XLNX,2021-09-01,2021-11-01,Long,226.0,155.17120026408,179.15682384,5420.750928157917,15.46%,61,0
XLNX,2021-12-01,2021-12-20,Long,164.0,228.2613405072,199.57516969536,-4704.532013141762,-12.57%,19,0
XLNX,2022-01-03,2022-01-10,Long,180.0,211.85490053728,192.52512247968,-3479.360050368002,-9.12%,7,0
GS,2015-05-01,2015-06-01,Long,65.0,158.645031180636,166.721730337044,524.985445166519,5.09%,31,0
GS,2016-12-01,2017-01-03,Long,4.0,181.672715142919,197.978090628105,65.22150194074402,8.98%,33,0
GS,2016-12-01,2017-02-01,Long,64.0,181.672715142919,189.602571488148,507.510806094655,4.36%,62,0
GS,2021-03-01,2021-04-01,Long,125.0,283.981970219948,291.2251247586,905.3943173314991,2.55%,31,0
GS,2022-09-01,2022-09-26,Long,60.0,306.823898199819,277.952608989171,-1732.27735263888,-9.41%,25,0
GS,2024-06-03,2024-07-01,Long,93.0,443.008484294376,438.055802119584,-460.59944225565755,-1.12%,28,0
GS,2024-09-03,2024-09-09,Long,83.0,498.07756223225,467.23310328591,-2560.090092546221,-6.19%,6,0
NTES,2015-06-01,2015-08-03,Long,454.0,23.781288016486,23.267187220302,-233.40176146753583,-2.16%,63,0
NTES,2015-12-01,2016-01-04,Long,211.0,28.333823251734,30.751001692524,510.02465100668996,8.53%,34,0
NTES,2015-12-01,2016-01-25,Long,177.0,28.333823251734,26.04435422535,-405.2360176699682,-8.08%,55,0
NTES,2016-07-01,2016-10-03,Long,24.0,33.1477533563176,41.3725822733304,197.3958940083072,24.81%,94,0
NTES,2016-07-01,2016-11-01,Long,27.0,33.1477533563176,44.1579031415532,297.2740442013611,33.22%,123,0
NTES,2016-07-01,2016-12-01,Long,242.0,33.1477533563176,38.635195386744,1327.960971363189,16.55%,153,0
NTES,2016-09-01,2016-12-01,Long,7.0,36.4951545562604,38.635195386744,14.980285813385194,5.86%,91,0
NTES,2017-03-01,2017-04-10,Long,249.0,52.6981187228496,47.9519333834832,-1181.8001495022334,-9.01%,40,0
NTES,2017-04-03,2017-04-10,Long,29.0,49.22304683296,47.9519333834832,-36.86229003482721,-2.58%,7,0
NTES,2017-07-03,2017-08-01,Long,284.0,52.298613815448,54.043129461312,495.4424434253756,3.34%,29,0
NTES,2018-01-02,2018-01-22,Long,275.0,60.3438814712734,56.816587829709,-970.0057514302096,-5.85%,20,0
NTES,2020-05-01,2020-05-04,Long,140.0,62.3055355418496,58.6444296955716,-512.5548184789197,-5.88%,3,0
NTES,2020-08-03,2020-10-01,Long,261.0,83.0244320073168,82.4183890708392,-158.1772064206554,-0.73%,59,0
NTES,2020-09-01,2020-10-01,Long,31.0,88.4937511962504,82.4183890708392,-188.3362258877473,-6.87%,30,0
NTES,2023-02-01,2023-02-27,Long,412.0,82.749026556196,73.291746792096,-3896.3992628091974,-11.43%,26,0
NTES,2023-12-01,2023-12-11,Long,379.0,107.892893440332,99.194460431814,-3296.7061102283255,-8.06%,10,0
TSLA,2015-06-01,2015-07-01,Long,37.0,16.736718326328,17.8661142133884,41.78764782123483,6.75%,30,0
TSLA,2015-06-01,2015-08-24,Long,609.0,16.736718326328,15.3692804630718,-832.7696587230256,-8.17%,84,0
TSLA,2015-08-03,2015-08-24,Long,31.0,17.761074890559,15.3692804630718,-74.14562725210327,-13.47%,21,0
TSLA,2016-05-02,2016-05-09,Long,595.0,16.0667157266616,14.3143365685662,-1042.6655990667625,-10.91%,7,0
TSLA,2017-02-01,2017-04-03,Long,779.0,16.8121269854538,18.534778146522,1341.9452544721275,10.25%,61,0
TSLA,2017-06-01,2017-07-03,Long,44.0,22.7567317243266,24.0832235916774,58.3656421634352,5.83%,32,0
TSLA,2017-06-01,2017-07-10,Long,617.0,22.7567317243266,20.8604499139548,-1170.0058769994007,-8.33%,39,0
TSLA,2019-12-02,2020-01-02,Long,92.0,22.0179937982004,27.8607752139222,537.5358902464055,26.54%,31,0
TSLA,2019-12-02,2020-02-03,Long,206.0,22.0179937982004,43.3279576672038,4389.852557014699,96.78%,63,0
TSLA,2019-12-02,2020-05-01,Long,397.0,22.0179937982004,52.0732027926792,11931.917970808083,136.50%,151,0
TSLA,2020-06-01,2020-07-01,Long,51.0,55.7223277611,71.9153388084654,825.8435634156359,29.06%,30,0
TSLA,2020-06-01,2020-08-03,Long,49.0,55.7223277611,95.2886064711384,1938.7476567918814,71.01%,63,0
TSLA,2020-06-01,2020-09-01,Long,72.0,55.7223277611,165.940543405944,7935.711526428769,197.80%,92,0
TSLA,2020-06-01,2020-10-01,Long,155.0,55.7223277611,142.860315713967,13506.388132694387,156.38%,122,0
TSLA,2021-01-04,2021-02-01,Long,6.0,235.458533120811,264.245463575451,172.7215827278401,12.23%,28,0
TSLA,2021-01-04,2021-03-01,Long,112.0,235.458533120811,224.94147750585,-1177.910228875633,-4.47%,56,0
TSLA,2021-09-01,2021-10-01,Long,16.0,245.485215451476,258.234814176516,203.99357960064026,5.19%,30,0
TSLA,2021-09-01,2021-11-01,Long,27.0,245.485215451476,370.9619629038,3387.872181212748,51.11%,61,0
TSLA,2021-09-01,2021-12-01,Long,104.0,245.485215451476,381.205041879492,14114.861948513664,55.29%,91,0
TSLA,2023-04-03,2023-04-10,Long,169.0,207.66746,184.87494,-3851.9358799999995,-10.98%,7,0
TSLA,2023-08-01,2023-08-07,Long,155.0,267.69743,253.60614,-2184.1499499999977,-5.26%,6,0
P,2015-06-01,2015-06-15,Long,578.0,18.68867,17.19279,-864.6186399999998,-8.00%,14,0
P,2016-07-01,2016-08-01,Long,24.0,12.46245,13.59639,27.214559999999977,9.10%,31,0
P,2016-07-01,2016-09-01,Long,756.0,12.46245,13.986,1151.8038000000001,12.23%,62,0
P,2018-06-01,2018-07-02,Long,194.0,7.22722,7.87212,125.11059999999996,8.92%,31,0
P,2018-06-01,2018-08-01,Long,2133.0,7.22722,6.73326,-1053.6166800000008,-6.83%,61,0
EXPE,2015-06-01,2015-08-03,Long,106.0,101.57066268349,114.76875292344,1398.9975654347006,12.99%,63,0
EXPE,2015-11-02,2015-11-30,Long,82.0,129.35686597834,117.327655074825,-986.3952940882307,-9.30%,28,0
EXPE,2017-07-03,2017-09-01,Long,103.0,143.52223179294,142.9638363567,-57.51472993272051,-0.39%,60,0
EXPE,2018-08-01,2018-09-04,Long,124.0,130.243311630432,127.04848039395,-396.1590733237683,-2.45%,34,0
EXPE,2019-08-01,2019-09-03,Long,108.0,130.513571214026,127.99543627017,-271.95857393644775,-1.93%,33,0
EXPE,2021-04-01,2021-05-03,Long,209.0,170.912525307524,174.644054647479,779.8896320505986,2.18%,32,0
EXPE,2024-01-02,2024-02-01,Long,287.0,150.725146504933,146.995134913809,-1070.5133266525872,-2.47%,30,0
EXPE,2024-11-01,2024-12-02,Long,25.0,155.213437315937,182.958550581726,693.627831644725,17.88%,31,0
AMZN,2015-06-01,2015-07-01,Long,504.0,21.432562472321,21.631927661757,100.48005547574468,0.93%,30,0
AMZN,2015-11-02,2015-12-01,Long,9.0,31.25280351193,33.12885694104,16.88448086198998,6.00%,29,0
AMZN,2015-11-02,2016-01-04,Long,170.0,31.25280351193,33.681502884897,412.8788934043899,7.77%,63,0
AMZN,2015-11-02,2016-02-01,Long,161.0,31.25280351193,29.2518637551,-322.15130084963005,-6.40%,91,0
AMZN,2016-06-01,2016-08-01,Long,274.0,36.090771449733,37.813640095413,472.0660089163205,4.77%,61,0
AMZN,2018-01-02,2018-02-01,Long,285.0,58.394657490169,72.301936292397,3963.5744586349797,23.82%,30,0
AMZN,2018-03-01,2018-04-02,Long,218.0,75.520534704615,72.125029790982,-740.220071171995,-4.50%,32,0
AMZN,2018-08-01,2018-09-04,Long,15.0,88.752169794288,100.299009707883,173.2025987039251,13.01%,34,0
AMZN,2018-08-01,2018-10-29,Long,167.0,88.752169794288,81.865850588613,-1150.015307347724,-7.76%,89,0
AMZN,2020-05-01,2020-07-01,Long,70.0,123.5332095998,137.479773023586,976.2594396650202,11.29%,61,0
AMZN,2020-06-01,2020-07-01,Long,79.0,121.953842008999,137.479773023586,1226.548550152373,12.73%,30,0
AMZN,2020-08-03,2020-09-21,Long,137.0,158.020645819036,147.251490167943,-1475.3743241997413,-6.82%,49,0
AMZN,2020-09-01,2020-09-21,Long,13.0,172.315345594392,147.251490167943,-325.8301205438371,-14.55%,20,0
AMZN,2023-06-01,2023-08-01,Long,311.0,120.70058,133.54632,3995.025140000002,10.64%,61,0
GILD,2015-07-01,2015-08-03,Long,133.0,81.717785297148,82.097838247734,50.547042427938734,0.47%,33,0
GILD,2017-09-01,2017-10-30,Long,253.0,61.225675776265,56.608312650372,-1168.192870850929,-7.54%,59,0
GILD,2017-10-02,2017-10-30,Long,16.0,59.628746385208,56.608312650372,-48.32693975737595,-5.07%,28,0
GILD,2020-05-01,2020-05-18,Long,130.0,67.309410168,60.98523623748,-822.1426109675996,-9.40%,17,0
GILD,2022-11-01,2023-01-03,Long,255.0,70.09168789623,77.175050482215,1806.257459426175,10.11%,63,0
GILD,2022-11-01,2023-02-01,Long,8.0,70.09168789623,75.458051688726,42.93091033996802,7.66%,92,0
GILD,2022-12-01,2023-02-01,Long,209.0,78.462311342415,75.458051688726,-627.890267621002,-3.83%,62,0
GILD,2024-09-03,2024-10-01,Long,37.0,75.580782277,80.799173898048,193.08048997877597,6.90%,28,0
GILD,2024-09-03,2024-11-01,Long,31.0,75.580782277,85.598552309454,310.5508710060743,13.25%,59,0
GILD,2024-09-03,2024-12-02,Long,482.0,75.580782277,89.222179383126,6575.153405152735,18.05%,90,0
ILMN,2015-07-01,2015-08-24,Long,51.0,212.624853777336,194.30937798813,-934.0892652495063,-8.61%,54,0
ILMN,2015-08-03,2015-08-24,Long,2.0,213.54016501818,194.30937798813,-38.46157406010002,-9.01%,21,0
ILMN,2016-09-01,2016-10-17,Long,66.0,163.918610940084,134.1069975612,-1967.5664830063442,-18.19%,46,0
ILMN,2017-03-01,2017-04-03,Long,80.0,163.00329969924,165.826217853936,225.83345237567983,1.73%,33,0
ILMN,2017-10-02,2017-11-01,Long,82.0,193.96808422992,199.401556736106,445.54474550725024,2.80%,30,0
ILMN,2018-07-02,2018-08-01,Long,10.0,271.954549420554,315.209751659064,432.5520223851004,15.91%,30,0
ILMN,2018-07-02,2018-09-04,Long,3.0,271.954549420554,344.820188004642,218.596915752264,26.79%,64,0
ILMN,2018-07-02,2019-03-01,Long,48.0,271.954549420554,303.946707443598,1535.623585106112,11.76%,242,0
ILMN,2019-07-01,2019-07-15,Long,39.0,358.48067374119,296.44448989887,-2419.4111698504794,-17.31%,14,0
ILMN,2020-06-01,2020-07-01,Long,51.0,353.51462339193,359.90236628109,325.77488734715973,1.81%,30,0
ILMN,2021-03-01,2021-03-08,Long,83.0,427.869055680066,387.59837664699,-3342.46635974531,-9.41%,7,0
ILMN,2021-08-02,2021-08-30,Long,70.0,482.72930600895,451.474122659292,-2187.862834476061,-6.47%,28,0
ILMN,2024-02-01,2024-02-26,Long,303.0,139.253894205426,129.2480483742,-3031.771286861477,-7.19%,25,0
ILMN,2024-09-03,2024-11-01,Long,30.0,131.5314,143.99586,373.9338000000001,9.48%,59,0
ILMN,2024-09-03,2024-12-02,Long,286.0,131.5314,144.00585,3567.6927000000055,9.48%,90,0
LRCX,2015-07-01,2015-07-20,Long,1554.0,7.014165877719,6.6482078616756,-568.6987569314429,-5.22%,19,0
LRCX,2016-01-04,2016-01-11,Long,791.0,6.903169161889,6.113866329684,-624.3385402741552,-11.43%,7,0
LRCX,2017-05-01,2017-07-03,Long,1095.0,12.832986691525,12.5405064378027,-320.26587782591986,-2.28%,63,0
LRCX,2017-11-01,2017-12-01,Long,883.0,18.5799857761518,17.0990498481858,-1307.6664243939792,-7.97%,30,0
LRCX,2018-04-02,2018-04-09,Long,871.0,18.19403763177,17.0395885922625,-1005.5251134110333,-6.35%,7,0
LRCX,2019-03-01,2019-04-01,Long,928.0,16.0749703376262,16.409048798727,310.02481190154083,2.08%,31,0
LRCX,2019-09-03,2019-10-01,Long,60.0,19.4470439646483,21.4144626437577,118.04512074656401,10.12%,28,0
LRCX,2019-09-03,2019-11-01,Long,70.0,19.4470439646483,25.1143436240928,396.7109761611149,29.14%,59,0
LRCX,2019-09-03,2020-01-02,Long,595.0,19.4470439646483,27.210296154312,4619.1350528499015,39.92%,121,0
LRCX,2019-12-02,2020-01-02,Long,23.0,24.7737464793819,27.210296154312,56.04064252339235,9.84%,31,0
LRCX,2020-08-03,2020-08-31,Long,611.0,35.519469963978,32.969099397501,-1558.2764161174468,-7.18%,28,0
LRCX,2020-12-01,2021-01-04,Long,637.0,42.7950453076146,44.673960896424,1196.869230071587,4.39%,34,0
LRCX,2022-01-03,2022-01-24,Long,555.0,68.784634675757,57.8263074565518,-6081.871606658887,-15.93%,21,0
LRCX,2023-07-03,2023-08-01,Long,636.0,62.7628480997518,70.0065019951263,4606.963877458182,11.54%,29,0
LRCX,2024-02-01,2024-03-01,Long,26.0,81.0256988428888,91.94525868402,283.9085558694113,13.48%,29,0
LRCX,2024-02-01,2024-04-01,Long,23.0,81.0256988428888,95.4154357279254,330.96394835584175,17.76%,60,0
LRCX,2024-02-01,2024-05-01,Long,472.0,81.0256988428888,87.8377470171102,3215.286738232502,8.41%,90,0
BAC,2015-07-01,2015-08-03,Long,802.0,13.591451371498,14.26562230779,540.6850909061844,4.96%,33,0
BAC,2016-11-01,2016-12-01,Long,102.0,13.4177172129,17.208210659904,386.6303315944082,28.25%,30,0
BAC,2016-11-01,2017-03-01,Long,719.0,13.4177172129,20.100689250939,4805.056895350041,49.81%,120,0
BAC,2018-03-01,2018-03-26,Long,618.0,26.62641568587,24.238296238203,-1475.8578186582072,-8.97%,25,0
BAC,2019-12-02,2020-01-02,Long,534.0,28.630559929972,30.36757899303,927.5681796729718,6.07%,31,0
BAC,2021-05-03,2021-06-01,Long,24.0,36.133627298769,37.716361031853,37.985609594015955,4.38%,29,0
BAC,2021-05-03,2021-07-01,Long,962.0,36.133627298769,36.838679839605,678.2605442842322,1.95%,59,0
BAC,2024-06-03,2024-07-01,Long,1078.0,38.421721103766,38.365937605053,-60.134611612611764,-0.15%,28,0
ALXN,2015-08-03,2015-08-17,Long,57.0,197.63744,186.39342,-640.9091400000003,-5.69%,14,0
ALXN,2017-09-01,2017-10-02,Long,108.0,142.55241,140.14971,-259.4916000000011,-1.69%,31,0
ALXN,2018-08-01,2018-08-06,Long,121.0,133.09296,123.54633,-1155.1422300000008,-7.17%,5,0
ALXN,2019-04-01,2019-04-22,Long,112.0,135.31518,125.88399,-1056.29328,-6.97%,21,0
ALXN,2020-11-02,2020-12-01,Long,208.0,115.25514,121.98789,1400.4119999999991,5.84%,29,0
ALXN,2021-06-01,2021-07-01,Long,6.0,176.72655,183.52629,40.798439999999914,3.85%,30,0
ALXN,2021-06-01,2021-07-22,Long,199.0,176.72655,183.0,1248.4165499999995,3.55%,51,0
META,2015-08-03,2015-08-24,Long,121.0,93.451229303432,85.377555973008,-976.914472981304,-8.64%,21,0
META,2015-11-02,2015-12-01,Long,104.0,101.363917158504,103.413391060032,213.14528575891234,2.02%,29,0
META,2017-09-01,2017-10-02,Long,90.0,170.947855582504,169.515024275016,-128.95481767391885,-0.84%,31,0
META,2018-07-02,2018-07-30,Long,87.0,193.165013065024,173.503146224952,-1710.5824150862647,-10.18%,28,0
META,2019-03-01,2019-04-01,Long,92.0,160.49038369364,165.368171103192,448.7564416787826,3.04%,31,0
META,2020-07-01,2020-08-03,Long,88.0,225.720355684824,251.658431602056,2282.5506807164156,11.49%,33,0
META,2021-05-03,2021-07-01,Long,110.0,323.147810041056,344.952707266728,2398.5386948239193,6.75%,59,0
META,2023-03-01,2023-04-03,Long,22.0,173.900202684208,210.259344793392,799.9011264020476,20.91%,33,0
META,2023-03-01,2023-05-01,Long,21.0,173.900202684208,238.414295275776,1354.7959444229277,37.10%,61,0
META,2023-03-01,2023-06-01,Long,4.0,173.900202684208,262.620806613696,354.882415717952,51.02%,92,0
META,2023-03-01,2023-08-01,Long,142.0,173.900202684208,316.07354558448,20188.61469183862,81.76%,153,0
META,2023-12-01,2024-01-02,Long,125.0,325.20550650588,351.153145621728,3243.4548894810005,7.98%,32,0
META,2024-03-01,2024-04-29,Long,93.0,487.733713651184,440.241354235728,-4416.789425637408,-9.74%,59,0
EBAY,2015-08-03,2015-08-24,Long,454.0,25.050779689936,22.911407014644,-971.2751945825688,-8.54%,21,0
EBAY,2016-09-01,2016-10-03,Long,382.0,28.649824851648,29.25049634388,229.45651003262375,2.10%,32,0
EBAY,2018-03-01,2018-03-26,Long,431.0,38.181949413608,35.305082365212,-1239.9296978586763,-7.53%,25,0
EBAY,2019-03-01,2019-05-01,Long,449.0,33.218935254505,34.580399610375,611.2974957856292,4.10%,61,0
EBAY,2019-04-01,2019-05-01,Long,9.0,33.209993414598,34.580399610375,12.333655761992944,4.13%,30,0
EBAY,2019-07-01,2019-08-01,Long,19.0,35.4577741518,36.900952505604,27.420388722276016,4.07%,31,0
EBAY,2019-07-01,2019-09-03,Long,382.0,35.4577741518,36.219780235728,291.08632406049605,2.15%,64,0
EBAY,2020-06-01,2020-07-01,Long,23.0,41.521306478652,47.72598355269,142.70757270287407,14.94%,30,0
EBAY,2020-06-01,2020-09-01,Long,416.0,41.521306478652,49.993518775662,3524.4403155561586,20.40%,92,0
EBAY,2020-08-03,2020-09-01,Long,14.0,50.401796709264,49.993518775662,-5.715891070428015,-0.81%,29,0
EBAY,2021-08-02,2021-09-01,Long,542.0,62.958388373881,70.854584452038,4279.738274361092,12.54%,30,0
EBAY,2024-04-01,2024-05-01,Long,34.0,51.31906802022,50.01326413254,-44.39733218111999,-2.54%,30,0
EBAY,2024-04-01,2024-05-06,Long,846.0,51.31906802022,48.17925037215,-2656.28573026722,-6.12%,35,0
EBAY,2024-10-01,2024-11-01,Long,650.0,63.92433446399,56.34991926441,-4923.369879727002,-11.85%,31,0
DG,2015-08-03,2015-08-31,Long,162.0,69.939794645721,64.997338571028,-800.6778841002657,-7.07%,28,0
DG,2016-04-01,2016-05-02,Long,137.0,75.17762356104,71.793175828131,-463.6693394085324,-4.50%,31,0
DG,2018-02-01,2018-02-26,Long,189.0,92.663580625616,87.16935834504,-1038.408011028866,-5.93%,25,0
DG,2018-09-04,2018-12-24,Long,172.0,97.388987259564,90.23631190146,-1230.2601615938888,-7.34%,111,0
DG,2019-07-01,2019-08-01,Long,115.0,123.175338390104,122.171773454478,-115.40996759699027,-0.81%,31,0
DG,2019-10-01,2019-12-02,Long,98.0,145.178753253534,143.734115174832,-141.5745317127973,-1.00%,62,0
DG,2019-11-01,2019-12-02,Long,4.0,146.749280770092,143.734115174832,-12.06066238104006,-2.05%,31,0
DG,2020-05-01,2020-06-01,Long,54.0,161.12994855958,175.677935596614,785.5912999998363,9.03%,31,0
DG,2020-10-01,2020-12-01,Long,124.0,193.410011592798,201.442058225073,995.973782402098,4.15%,61,0
NVDA,2015-11-02,2015-12-01,Long,1215.0,0.6900647718965,0.7729317322623,100.68335684444712,12.01%,29,0
NVDA,2015-11-02,2016-01-04,Long,7410.0,0.6900647718965,0.8031472224264,837.9409584265595,16.39%,63,0
NVDA,2015-11-02,2016-02-08,Long,6790.0,0.6900647718965,0.644028552449325,-312.5859300463179,-6.67%,98,0
NVDA,2016-05-02,2016-06-01,Long,2367.0,0.870665069148875,1.1455564520448,650.6679033146546,31.57%,30,0
NVDA,2016-05-02,2016-07-01,Long,193.0,0.870665069148875,1.1526671406384,54.42639979747831,32.39%,60,0
NVDA,2016-05-02,2016-08-01,Long,1077.0,0.870665069148875,1.400070064464,570.1691799543897,60.80%,91,0
NVDA,2016-05-02,2016-10-03,Long,552.0,0.870665069148875,1.6831801377972,448.5083178938754,93.32%,154,0
NVDA,2016-05-02,2016-11-01,Long,499.0,0.870665069148875,1.7480312114076,437.80570498710375,100.77%,183,0
NVDA,2016-05-02,2016-12-01,Long,834.0,0.870665069148875,2.268265564899,1165.5988134556044,160.52%,213,0
NVDA,2016-05-02,2017-01-03,Long,568.0,0.870665069148875,2.6259725205783,997.0146324119135,201.61%,246,0
NVDA,2016-05-02,2017-03-01,Long,4890.0,0.870665069148875,2.4997190605182,7966.074017796,187.10%,303,0
NVDA,2017-07-03,2017-08-01,Long,340.0,3.5717791923814,4.00726408841122,148.06486465013876,12.19%,29,0
NVDA,2017-07-03,2017-09-01,Long,3832.0,3.5717791923814,4.1818266457416,2337.701841276286,17.08%,60,0
NVDA,2017-11-01,2017-12-11,Long,3207.0,5.11434718579785,4.7293104589965,-1234.81278285193,-7.53%,40,0
NVDA,2018-03-01,2018-04-02,Long,2750.0,5.992464503025,5.72323155935512,-740.3905950921717,-4.49%,32,0
NVDA,2019-05-01,2019-05-13,Long,3496.0,4.49631089908,4.1853623656824,-1087.0760727580084,-6.92%,12,0
NVDA,2019-11-01,2019-12-02,Long,155.0,5.004286278992,5.388820068717,59.602737407375045,7.68%,31,0
NVDA,2019-11-01,2020-05-01,Long,1727.0,5.004286278992,7.2713227431555,3915.1719736103655,45.30%,182,0
NVDA,2019-11-01,2020-09-01,Long,121.0,5.004286278992,13.315270117284,1005.629044433332,166.08%,305,0
NVDA,2019-11-01,2020-10-01,Long,153.0,5.004286278992,13.4746100209809,1295.959532524302,169.26%,335,0
NVDA,2019-11-01,2020-11-02,Long,835.0,5.004286278992,12.4822262298492,6244.0798589657625,149.43%,367,0
NVDA,2020-02-03,2020-11-02,Long,92.0,5.8901422765185,12.4822262298492,606.4717237064244,111.92%,273,0
NVDA,2020-06-01,2020-11-02,Long,859.0,8.84984637461925,12.4822262298492,3120.2142956425264,41.04%,154,0
NVDA,2021-08-02,2021-09-01,Long,1753.0,19.4742583701666,22.315863717081,4981.334173140947,14.59%,30,0
NVDA,2023-03-01,2023-04-03,Long,149.0,23.2151587635968,27.7252060474935,671.9970453006083,19.43%,33,0
NVDA,2023-03-01,2023-06-01,Long,277.0,23.2151587635968,37.763453418327,4029.877619360266,62.67%,92,0
NVDA,2023-03-01,2023-07-03,Long,48.0,23.2151587635968,42.2274918841542,912.591989786755,81.90%,124,0
NVDA,2023-03-01,2023-08-01,Long,53.0,23.2151587635968,46.6466944412709,1241.8713909167275,100.93%,153,0
NVDA,2023-03-01,2023-09-01,Long,891.0,23.2151587635968,49.2680691679455,23213.14317027469,112.22%,184,0
NVDA,2024-03-01,2024-04-01,Long,76.0,79.1442387808072,90.21644922402,841.4879936841726,13.99%,31,0
NVDA,2024-03-01,2024-05-01,Long,500.0,79.1442387808072,86.26855599909,3562.1586091413988,9.00%,61,0
NVDA,2024-07-01,2024-07-29,Long,336.0,123.610636737588,112.898621299068,-3599.237187342719,-8.67%,28,0
ATVI,2015-11-02,2015-12-01,Long,15.0,32.919760849976,35.594969915484,40.128135982619995,8.13%,29,0
ATVI,2015-11-02,2016-01-04,Long,159.0,32.919760849976,36.587394727254,583.153786487202,11.14%,63,0
ATVI,2015-11-02,2016-02-08,Long,149.0,32.919760849976,28.855932860322,-605.5103704584462,-12.34%,98,0
ATVI,2016-06-01,2016-06-27,Long,263.0,37.484097919268,35.236688403636,-591.0687026112162,-6.00%,26,0
ATVI,2017-04-03,2017-06-01,Long,18.0,47.896067022804,56.160162632988,148.753720983312,17.25%,59,0
ATVI,2017-04-03,2017-08-01,Long,267.0,47.896067022804,59.227976228508,3025.6197579229683,23.66%,120,0
ATVI,2019-10-01,2019-11-01,Long,277.0,51.5080863297,54.426149794575,808.3035797703742,5.67%,31,0
ATVI,2020-05-01,2020-07-01,Long,140.0,62.437628405152,74.21226161184,1648.4486489363212,18.86%,61,0
ATVI,2020-06-01,2020-07-01,Long,118.0,70.520327829952,74.21226161184,435.6481862627853,5.24%,30,0
ATVI,2022-03-01,2022-04-01,Long,218.0,80.2338878341,78.707908259046,-332.663547361774,-1.90%,31,0
ATVI,2023-09-01,2023-10-14,Long,454.0,92.08199,94.42,1061.4565399999988,2.54%,43,0
INTC,2015-11-02,2015-12-01,Long,399.0,26.602195942322,27.454604218695,340.11090227282756,3.20%,29,0
INTC,2017-12-01,2018-01-02,Long,429.0,37.683125772292,38.714934319992,442.64586696329803,2.74%,32,0
INTC,2018-04-02,2018-06-01,Long,359.0,44.06448422376,46.87998964344,1010.7664456651203,6.39%,60,0
INTC,2019-11-01,2020-01-02,Long,301.0,49.644585038048,52.743886801515,932.8898308035682,6.24%,62,0
INTC,2023-05-01,2023-05-15,Long,1150.0,30.34572956415,28.343331781515,-2302.7574500302467,-6.60%,14,0
INTC,2023-10-02,2023-12-01,Long,281.0,35.000171261055,44.06514448626,2547.2574762826052,25.90%,60,0
INTC,2023-10-02,2024-01-02,Long,53.0,35.000171261055,49.53632014395,770.415890793435,41.53%,92,0
INTC,2023-10-02,2024-02-01,Long,873.0,35.000171261055,42.468152672664,6519.547772334653,21.34%,122,0
NDAQ,2015-11-02,2015-12-01,Long,649.0,16.3741984281367,16.5475508486248,112.50572089677738,1.06%,29,0
NDAQ,2016-04-01,2016-05-02,Long,544.0,18.9315042330487,17.5644611955567,-743.6714123956477,-7.22%,31,0
NDAQ,2018-04-02,2018-05-01,Long,20.0,25.5567162539501,26.12687718648,11.403218650598035,2.23%,29,0
NDAQ,2018-04-02,2018-06-01,Long,600.0,25.5567162539501,27.1740821824055,970.4195570732395,6.33%,60,0
NDAQ,2019-07-01,2019-08-01,Long,486.0,29.2163015513919,29.2185656241141,1.1003393429883772,0.01%,31,0
NDAQ,2021-05-03,2021-07-01,Long,41.0,50.5276405383248,55.0539076724087,185.5769524974397,8.96%,59,0
NDAQ,2021-05-03,2021-08-02,Long,82.0,50.5276405383248,58.4767700777524,651.8286222330628,15.73%,91,0
NDAQ,2021-05-03,2021-10-01,Long,21.0,50.5276405383248,60.611504244361,211.76113782676015,19.96%,151,0
NDAQ,2021-05-03,2021-11-01,Long,561.0,50.5276405383248,65.9026857101028,8625.400341367456,30.43%,182,0
NDAQ,2022-09-01,2022-10-17,Long,324.0,56.747592094193,52.255212854625,-1455.5308736200327,-7.92%,46,0
NDAQ,2024-09-03,2024-11-01,Long,587.0,70.827562621816,72.731004192,1117.3202016980083,2.69%,59,0
MSFT,2015-11-02,2016-01-04,Long,119.0,45.829334062512,48.530302754364,321.41527433038857,5.89%,63,0
MSFT,2015-11-02,2016-04-01,Long,112.0,45.829334062512,48.658491726075,316.86565831905625,6.17%,151,0
MSFT,2018-09-04,2018-10-01,Long,160.0,104.753782091959,106.443092808549,270.2897146544001,1.61%,27,0
MSFT,2019-05-01,2019-07-01,Long,15.0,122.84006702968,126.21414867084,50.611224617400055,2.75%,61,0
MSFT,2019-05-01,2019-09-03,Long,112.0,122.84006702968,130.321172551824,837.883818480127,6.09%,125,0
MSFT,2020-02-03,2020-03-16,Long,106.0,161.791848940722,151.066822443516,-1136.8528087038349,-6.63%,42,0
MSFT,2021-08-02,2021-10-01,Long,124.0,274.919508509646,272.01056387328,-360.70913490938597,-1.06%,60,0
MSFT,2023-04-03,2023-05-01,Long,9.0,282.55553474148,300.536077141944,161.82488160417603,6.36%,28,0
MSFT,2023-04-03,2023-07-03,Long,115.0,282.55553474148,333.81595733256,5894.9485979741985,18.14%,91,0
MSFT,2023-12-01,2024-01-02,Long,109.0,373.716852480972,370.145155896432,-389.31492771486074,-0.96%,32,0
BIDU,2015-12-01,2015-12-21,Long,50.0,218.18797,191.72808,-1322.9945,-12.13%,20,0
BIDU,2017-09-01,2017-10-02,Long,3.0,228.27805,247.44231,57.492779999999954,8.40%,31,0
BIDU,2017-09-01,2017-11-01,Long,64.0,228.27805,243.69606,986.7526399999988,6.75%,61,0
BIDU,2021-02-01,2021-03-29,Long,126.0,235.25502,208.40139,-3383.557380000001,-11.41%,56,0
BIDU,2023-02-01,2023-03-01,Long,15.0,134.81468,137.55231,41.06444999999994,2.03%,28,0
BIDU,2023-02-01,2023-04-03,Long,238.0,134.81468,150.76908,3797.147199999998,11.83%,61,0
KLAC,2015-12-01,2016-01-04,Long,197.0,55.707752658558,58.00532120541,452.62100372984366,4.12%,34,0
KLAC,2016-12-01,2017-01-03,Long,179.0,68.973043691552,67.835124276696,-203.68757525922152,-1.65%,33,0
KLAC,2017-04-03,2017-06-01,Long,165.0,82.645200973335,90.7136547408,1331.2948716317253,9.76%,59,0
KLAC,2017-11-01,2017-11-13,Long,171.0,95.810438505782,89.955104122728,-1001.2621795022341,-6.11%,12,0
KLAC,2019-04-01,2019-05-01,Long,5.0,109.340424268075,116.4966728139,35.78124272912504,6.54%,30,0
KLAC,2019-04-01,2019-05-20,Long,134.0,109.340424268075,99.93200354442,-1260.72837696977,-8.60%,49,0
KLAC,2019-09-03,2019-10-01,Long,6.0,137.12828662533,147.541709116485,62.480534946930106,7.59%,28,0
KLAC,2019-09-03,2019-12-02,Long,96.0,137.12828662533,152.355664291536,1461.8282559557756,11.10%,90,0
KLAC,2020-12-01,2021-01-04,Long,114.0,238.990430675997,245.082279683709,694.4707868791679,2.55%,34,0
KLAC,2022-01-03,2022-01-24,Long,92.0,412.678421618463,357.196662082701,-5104.321877290106,-13.44%,21,0
KLAC,2023-07-03,2023-08-01,Long,84.0,474.547123148098,501.847747007895,2293.252404222947,5.75%,29,0
KLAC,2023-12-01,2024-01-02,Long,76.0,535.781028494712,570.72313744812,2655.60028045901,6.52%,32,0
KLAC,2024-04-01,2024-04-22,Long,65.0,688.75996193004,618.10129150848,-4592.813577401402,-10.26%,21,0
KLAC,2024-07-01,2024-07-22,Long,50.0,814.585270808309,751.865854072455,-3135.9708367926996,-7.70%,21,0
LNKD,2015-12-01,2015-12-14,Long,45.0,243.35311,230.37939,-583.8173999999993,-5.33%,13,0
LNKD,2016-07-01,2016-09-01,Long,51.0,189.43925,192.55725,159.0180000000012,1.65%,62,0
LNKD,2016-08-01,2016-09-01,Long,2.0,192.92273,192.55725,-0.7309599999999818,-0.19%,31,0
TXN,2015-12-01,2015-12-21,Long,249.0,44.153202060968,41.653995424884,-622.3024523849152,-5.66%,20,0
TXN,2017-11-01,2017-12-01,Long,5.0,77.335972201488,77.660396473392,1.6221213595199657,0.42%,30,0
TXN,2017-11-01,2018-01-02,Long,207.0,77.335972201488,83.367785051712,1248.585259996368,7.80%,62,0
TXN,2019-09-03,2019-10-01,Long,5.0,103.614383998125,107.99488886814,21.90252435007494,4.23%,28,0
TXN,2019-09-03,2019-11-01,Long,131.0,103.614383998125,99.337449744369,-560.2783872420374,-4.13%,59,0
TXN,2020-11-02,2020-12-01,Long,191.0,125.565260647827,139.753398832875,2709.9343933441687,11.30%,29,0
TXN,2024-06-03,2024-08-01,Long,222.0,186.615091616954,195.91374453561,2064.3009479416296,4.98%,59,0
GM,2015-12-01,2015-12-21,Long,381.0,28.8495593386,27.061719120072,-681.1671232591681,-6.20%,20,0
GM,2017-02-01,2017-03-01,Long,423.0,30.927265193825,31.050951941025,52.31949406560031,0.40%,28,0
GM,2017-11-01,2017-12-01,Long,438.0,37.467168757018,37.479308602572,5.3172523526502715,0.03%,30,0
GM,2020-10-01,2020-11-02,Long,122.0,28.577931220839,33.282336760587,573.9374758492559,16.46%,32,0
GM,2020-10-01,2020-12-01,Long,78.0,28.577931220839,42.255941024736,1066.884764703966,47.86%,61,0
GM,2020-10-01,2021-01-04,Long,644.0,28.577931220839,40.135433035356,7443.031168548948,40.44%,95,0
GM,2021-12-01,2022-01-03,Long,670.0,55.890668460627,56.511537916977,415.98253575450025,1.11%,33,0
GM,2024-02-01,2024-03-01,Long,1110.0,38.04537380644,40.221485890362,2415.4844131534196,5.72%,29,0
GM,2024-05-01,2024-06-03,Long,968.0,43.793276670143,44.157263304231,352.33906179718446,0.83%,33,0
GM,2024-12-02,2024-12-16,Long,806.0,54.951461345781,51.939602171235,-2427.558494684073,-5.48%,14,0
WYNN,2016-04-01,2016-05-02,Long,124.0,82.860739574613,78.15460469247,-583.5607253857326,-5.68%,31,0
WYNN,2017-04-03,2017-05-01,Long,5.0,103.841328707116,111.229389425844,36.940303593639996,7.11%,28,0
WYNN,2017-04-03,2017-07-03,Long,4.0,103.841328707116,121.781963700432,71.76253997326398,17.28%,91,0
WYNN,2017-04-03,2017-08-01,Long,122.0,103.841328707116,117.441687928824,1659.2438250483747,13.10%,120,0
WYNN,2018-01-02,2018-02-01,Long,107.0,154.481512030846,151.429405659354,-326.5753817496457,-1.98%,30,0
WYNN,2018-05-01,2018-06-01,Long,91.0,171.128287955625,180.503039563713,853.1023963360071,5.48%,31,0
WYNN,2021-01-04,2021-02-01,Long,253.0,109.779143211738,96.645283332642,-3322.86654941129,-11.96%,28,0
WYNN,2023-02-01,2023-03-01,Long,26.0,100.837635402504,105.229070177418,114.17730414776372,4.35%,28,0
WYNN,2023-02-01,2023-05-01,Long,312.0,100.837635402504,110.967778350792,3160.604599865855,10.05%,89,0
WYNN,2023-04-03,2023-05-01,Long,11.0,108.884019470226,110.967778350792,22.9213476862261,1.91%,28,0
WYNN,2024-03-01,2024-03-18,Long,441.0,103.40347233216,97.203213358128,-2734.3142075481164,-6.00%,17,0
LVS,2016-04-01,2016-04-25,Long,255.0,40.355216229328,36.526119694623,-976.4196163497754,-9.49%,24,0
LVS,2016-10-03,2016-11-01,Long,10.0,46.195319474304,46.391565772224,1.9624629791999837,0.42%,29,0
LVS,2016-10-03,2016-12-01,Long,237.0,46.195319474304,50.230812490416,956.4118448185438,8.74%,59,0
LVS,2022-03-01,2022-03-14,Long,427.0,40.96476620236,34.73998815708,-2657.980225334562,-15.20%,13,0
LVS,2022-09-01,2022-09-26,Long,512.0,35.96603248238,33.83381054178,-1091.6976335872023,-5.93%,25,0
LVS,2023-02-01,2023-03-20,Long,605.0,56.391068734,52.16721450606,-2555.431807903701,-7.49%,47,0
LVS,2024-11-01,2024-11-18,Long,817.0,50.614201432795,46.905997357692,-3029.602729359149,-7.33%,17,0
M,2016-04-01,2016-04-11,Long,359.0,28.702036101739,25.779570751872,-1049.165060602253,-10.18%,10,0
M,2018-02-01,2018-02-12,Long,949.0,18.52141343052,17.20225216836,-1251.884037789838,-7.12%,11,0
M,2018-04-02,2018-05-01,Long,37.0,21.498622609464,22.415185428948,33.91282432090799,4.26%,29,0
M,2018-04-02,2018-06-01,Long,700.0,21.498622609464,25.185520544724,2580.8285546819993,17.15%,60,0
M,2018-07-02,2018-08-01,Long,615.0,27.333766107648,28.947669769584,992.5507520906399,5.90%,30,0
M,2021-01-04,2021-02-01,Long,589.0,9.467056974375,12.63111576048,1863.6306250158452,33.42%,28,0
M,2021-01-04,2021-04-01,Long,2355.0,9.467056974375,13.596925808655,9725.8411047294,43.62%,87,0
M,2021-03-01,2021-04-01,Long,433.0,12.799461029355,13.596925808655,345.3022494369001,6.23%,31,0
M,2021-07-01,2021-07-19,Long,2297.0,15.95514668748,14.22680192703,-3970.0079147536494,-10.83%,18,0
M,2021-10-01,2021-11-01,Long,50.0,19.1544988635,22.389670742175,161.75859393375003,16.89%,31,0
M,2021-10-01,2021-12-01,Long,179.0,19.1544988635,24.10674787125,886.4525723872503,25.85%,61,0
M,2021-10-01,2022-01-03,Long,1551.0,19.1544988635,22.278310337052,4845.031595479157,16.31%,94,0
M,2022-12-01,2022-12-19,Long,1808.0,20.51158634525,17.90142433632,-4719.172912145435,-12.73%,18,0
M,2024-01-02,2024-01-22,Long,2350.0,18.454293269412,16.138128330387,-5442.9876067087425,-12.55%,20,0
ORCL,2016-04-01,2016-05-02,Long,292.0,35.257607359975,34.411844243466,-246.96283002062737,-2.40%,31,0
ORCL,2017-08-01,2017-09-01,Long,349.0,44.042739145405,44.306872581195,92.18256909071025,0.60%,31,0
ORCL,2021-05-03,2021-07-01,Long,501.0,71.15664868312,72.93530720448,891.1079192013603,2.50%,59,0
ORCL,2022-09-01,2022-09-19,Long,259.0,71.01639989444,65.726077672458,-1370.1934554933368,-7.45%,18,0
ORCL,2023-01-03,2023-03-01,Long,214.0,78.635053238742,84.2267107782,1196.6147134440116,7.11%,57,0
ORCL,2023-02-01,2023-03-01,Long,185.0,85.42854799479,84.2267107782,-222.33988506914875,-1.41%,28,0
ORCL,2023-05-01,2023-06-01,Long,14.0,91.856393546918,102.569480481366,149.983217082272,11.66%,31,0
ORCL,2023-05-01,2023-07-03,Long,20.0,91.856393546918,115.237038736872,467.6129037990799,25.45%,63,0
ORCL,2023-05-01,2023-08-01,Long,345.0,91.856393546918,113.844866977197,7586.0233334462555,23.94%,92,0
ORCL,2024-08-01,2024-08-12,Long,299.0,137.517512170038,129.997689117066,-2248.4270928386322,-5.47%,11,0
ORCL,2024-11-01,2024-12-02,Long,7.0,165.902184019572,182.362592326536,115.22285814874809,9.92%,31,0
TJX,2016-04-01,2016-05-02,Long,301.0,34.1896431501625,33.019520172255,-352.20701635015854,-3.42%,31,0
TJX,2018-04-02,2018-05-01,Long,431.0,36.708987078764,38.10412186587,601.3030932426869,3.80%,29,0
TJX,2018-08-01,2018-09-04,Long,32.0,43.96493222121,49.80328684002,186.82734780192004,13.28%,34,0
TJX,2018-08-01,2018-11-26,Long,336.0,43.96493222121,41.707642092516,-758.4494832411848,-5.13%,117,0
TJX,2022-09-01,2022-11-01,Long,308.0,59.646369191409,68.81370538203,2823.5395467112658,15.37%,61,0
TJX,2022-12-01,2023-01-03,Long,262.0,76.861910501376,76.28665522176,-150.71688325939246,-0.75%,33,0
TJX,2022-12-01,2023-02-01,Long,220.0,76.861910501376,78.481334121984,356.27319653376077,2.11%,62,0
TJX,2023-10-02,2023-12-01,Long,489.0,86.363008195464,85.757896571688,-295.8995840264695,-0.70%,60,0
TJX,2024-07-01,2024-08-01,Long,13.0,108.1506038613,110.79708726474,34.40428424472002,2.45%,31,0
TJX,2024-07-01,2024-09-03,Long,370.0,108.1506038613,115.360082356086,2667.5070430708192,6.67%,64,0
CME,2016-04-01,2016-04-11,Long,154.0,66.86619343404,61.897000072968,-765.2557776050883,-7.43%,10,0
CME,2018-04-02,2018-05-01,Long,128.0,123.524859163706,120.183528559608,-427.6903173245428,-2.70%,29,0
CME,2019-07-01,2019-08-01,Long,93.0,152.684053055534,152.622344228652,-5.73892090002704,-0.04%,31,0
CME,2021-12-01,2022-01-03,Long,202.0,185.012320320828,194.801051300652,1977.32365792445,5.29%,33,0
CME,2024-10-01,2024-11-01,Long,197.0,210.47020448454,214.533410017824,800.4514900569462,1.93%,31,0
CLR,2016-05-02,2016-06-01,Long,23.0,36.24126267762,40.82828606478,105.50153790468005,12.66%,30,0
CLR,2016-05-02,2016-07-01,Long,21.0,36.24126267762,43.94428221951,161.76341037969001,21.25%,60,0
CLR,2016-05-02,2016-08-01,Long,220.0,36.24126267762,42.76000953765,1434.1243092066,17.99%,91,0
CLR,2017-12-01,2018-01-02,Long,28.0,46.03593565571,51.41879012961,150.7199252692001,11.69%,32,0
CLR,2017-12-01,2018-03-01,Long,323.0,46.03593565571,46.11868452063,26.72788336915975,0.18%,90,0
CLR,2018-05-01,2018-06-18,Long,244.0,64.25383286322,59.00978387727,-1279.5479525717988,-8.16%,48,0
CLR,2018-06-01,2018-06-18,Long,12.0,65.49883598258,59.00978387727,-77.86862526372002,-9.91%,17,0
CLR,2021-03-01,2021-04-01,Long,91.0,23.597318276532,25.196150466162,145.49372925632989,6.78%,31,0
CLR,2021-03-01,2021-05-03,Long,1421.0,23.597318276532,26.530465353624,4168.0019965477295,12.43%,63,0
CLR,2021-07-01,2021-07-19,Long,984.0,37.253518816514,32.965521615864,-4219.389245439604,-11.51%,18,0
CLR,2021-10-01,2021-12-01,Long,751.0,45.401202031185,43.716290485464,-1265.3685708364712,-3.71%,61,0
CLR,2021-11-01,2021-12-01,Long,58.0,48.018042711639,43.716290485464,-249.50162911814985,-8.96%,30,0
CLR,2022-04-01,2022-05-02,Long,593.0,60.846702955038,55.021939285698,-3454.0848559186206,-9.57%,31,0
MRO,2016-05-02,2016-05-16,Long,765.0,12.507426618687,10.89666232011,-1232.2346884114045,-12.88%,14,0
MRO,2017-12-01,2018-01-02,Long,1197.0,13.503761106836,15.374790766053,2239.6225020827483,13.86%,32,0
MRO,2018-02-01,2018-02-12,Long,1062.0,16.543017312822,14.085233596071,-2610.166307189561,-14.86%,11,0
MRO,2018-06-01,2018-06-18,Long,857.0,19.608689953853,18.254528227971,-1160.5165990808719,-6.91%,17,0
MRO,2021-01-04,2021-03-01,Long,1030.0,6.289148728863,10.48033895022,4316.9259279977105,66.64%,56,0
MRO,2021-01-04,2021-04-01,Long,3399.0,6.289148728863,10.083785584536,12897.97067243253,60.34%,87,0
MRO,2021-07-01,2021-07-19,Long,2836.0,12.92761662192,11.130396462,-5096.91637353312,-13.90%,18,0
MRO,2021-11-01,2021-11-22,Long,2497.0,15.557013824352,14.617435008924,-2346.1283021237155,-6.04%,21,0
MRO,2022-02-01,2022-03-01,Long,1008.0,18.626468472612,21.610795124448,3008.2012650506877,16.02%,28,0
MRO,2022-02-01,2022-06-01,Long,808.0,18.626468472612,30.193923043809,9346.503293527176,62.10%,120,0
MRO,2022-04-01,2022-06-01,Long,24.0,24.101659844262,30.193923043809,146.21431678912805,25.28%,61,0
MRO,2022-04-01,2022-07-18,Long,665.0,24.101659844262,20.030012582355,-2707.645429168155,-16.89%,108,0
MRO,2022-11-01,2022-12-01,Long,627.0,29.411625588345,29.608366563432,123.35659137954883,0.67%,30,0
MRO,2023-10-02,2023-10-09,Long,1611.0,26.219043851,24.05376164052,-3488.269641083276,-8.26%,7,0
HES,2016-05-02,2016-06-01,Long,186.0,51.27123897896,51.43485609756,30.432784059600237,0.32%,30,0
HES,2018-05-01,2018-07-02,Long,308.0,51.07479766389,60.073788785292,2771.6892653918158,17.62%,62,0
HES,2019-04-01,2019-05-01,Long,9.0,54.907861919911,58.337336152116,30.865268089845024,6.25%,30,0
HES,2019-04-01,2019-06-03,Long,268.0,54.907861919911,50.822264464398,-1094.940118077483,-7.44%,63,0
HES,2020-07-01,2020-07-13,Long,411.0,48.427432776723,41.88471902433,-2689.0553522335226,-13.51%,12,0
HES,2021-07-01,2021-07-19,Long,441.0,82.978329910476,72.427778362359,-4652.793232719597,-12.71%,18,0
HES,2022-03-01,2022-06-01,Long,181.0,96.686311788066,117.95934189069,3850.4184485749424,22.00%,92,0
HES,2022-04-01,2022-07-18,Long,170.0,102.80040602832,91.538702171496,-1914.4896556600797,-10.95%,108,0
HES,2022-11-01,2022-12-01,Long,135.0,136.320623791352,138.777320417346,331.6540445091898,1.80%,30,0
HES,2023-09-01,2023-10-02,Long,277.0,150.67831733955,149.313483054,-378.0590970973549,-0.91%,31,0
APA,2016-05-02,2016-07-01,Long,222.0,43.004703550809,43.936710316992,206.9055020926262,2.17%,60,0
APA,2021-01-04,2021-02-01,Long,2239.0,12.440727027729,12.512524354596,160.75421485521156,0.58%,28,0
APA,2021-11-01,2021-12-01,Long,1679.0,23.131306716518,22.697549696034,-728.2780373926394,-1.88%,30,0
APA,2022-03-01,2022-06-01,Long,504.0,31.566668308175,41.683189938147,5098.726901505889,32.05%,92,0
APA,2022-03-01,2022-07-11,Long,50.0,31.566668308175,30.901067205795,-33.28005511899992,-2.11%,132,0
APA,2022-04-01,2022-07-11,Long,431.0,36.616626471425,30.901067205795,-2463.4060434865296,-15.61%,101,0
APA,2022-11-01,2022-12-01,Long,452.0,40.777529166374,41.940391640985,525.6138385241703,2.85%,30,0
APA,2023-09-01,2023-09-25,Long,1044.0,40.063172461312,36.681599777904,-3530.3618814779547,-8.44%,24,0
DVN,2016-06-01,2016-07-01,Long,9.0,25.457835253851,25.56327888225,0.9489926555909811,0.41%,30,0
DVN,2016-06-01,2016-08-01,Long,379.0,25.457835253851,27.001874438658,585.1908510418522,6.07%,61,0
DVN,2018-07-02,2018-08-01,Long,534.0,31.470210864092,32.157508478823,367.01692626635275,2.18%,30,0
DVN,2019-05-01,2019-06-03,Long,678.0,23.183472506194,18.112344161364,-3438.225017794741,-21.87%,33,0
DVN,2021-01-04,2021-03-01,Long,2275.0,12.247290503448,16.652723039568,10022.359019672998,35.97%,56,0
DVN,2021-02-01,2021-03-01,Long,62.0,12.750816045968,16.652723039568,241.91823360319995,30.60%,28,0
DVN,2021-04-01,2021-05-03,Long,2093.0,17.13482722952,18.298024555104,2434.572002447314,6.79%,32,0
DVN,2021-07-01,2021-07-19,Long,1562.0,23.47075265535,20.6874635283,-4347.497616452101,-11.86%,18,0
DVN,2021-10-01,2021-12-01,Long,84.0,29.052848898073,34.343039720862,444.37602911427604,18.21%,61,0
DVN,2021-10-01,2022-01-03,Long,1089.0,29.052848898073,36.653493081735,8277.101516007917,26.16%,94,0
DVN,2022-02-01,2022-03-01,Long,451.0,42.162950971141,49.550862951585,3331.948303180245,17.52%,28,0
DVN,2022-02-01,2022-06-01,Long,352.0,42.162950971141,63.36963907785,7464.754213561569,50.30%,120,0
DVN,2022-04-01,2022-06-01,Long,51.0,50.127481358955,63.36963907785,675.350043663645,26.42%,61,0
DVN,2022-04-01,2022-09-01,Long,317.0,50.127481358955,60.739389941868,3363.9750207834195,21.17%,153,0
DVN,2022-11-01,2022-11-21,Long,270.0,68.19488181506,61.257164868648,-1873.1835755312409,-10.17%,20,0
DVN,2024-05-01,2024-06-03,Long,873.0,48.60168845532,46.51435900008,-1822.2386144245222,-4.29%,33,0
VMW,2016-06-01,2016-07-01,Long,239.0,41.307861947352,38.951672910426,-563.129179825315,-5.70%,30,0
VMW,2017-10-02,2017-11-01,Long,14.0,74.478293362473,81.477206058177,97.9847777398561,9.40%,30,0
VMW,2017-10-02,2017-12-01,Long,201.0,74.478293362473,81.599738409171,1431.410454386298,9.56%,60,0
VMW,2019-03-01,2019-04-01,Long,3.0,141.079541000398,147.926866886172,20.541977657322036,4.85%,31,0
VMW,2019-03-01,2019-05-01,Long,9.0,141.079541000398,167.274049066443,235.75057259440516,18.57%,61,0
VMW,2019-03-01,2019-07-01,Long,93.0,141.079541000398,137.020005606231,-377.536791657531,-2.88%,122,0
VMW,2021-05-03,2021-06-01,Long,269.0,132.055771034187,129.382744364379,-719.0441741783509,-2.02%,29,0
VMW,2023-09-01,2023-10-23,Long,247.0,168.94878,150.75909,-4492.853430000003,-10.77%,52,0
VMW,2023-10-02,2023-10-23,Long,6.0,166.64648,150.75909,-95.32434000000006,-9.53%,21,0
YELP,2016-07-01,2016-09-01,Long,36.0,30.39036,38.44152,289.84175999999985,26.49%,62,0
YELP,2016-07-01,2016-10-03,Long,10.0,30.39036,41.6583,112.67939999999996,37.08%,94,0
YELP,2016-07-01,2016-11-01,Long,274.0,30.39036,32.62734,612.9325199999988,7.36%,123,0
YELP,2017-09-01,2017-11-01,Long,363.0,42.6426,46.67328,1463.1368399999988,9.45%,61,0
YELP,2022-09-01,2022-11-01,Long,538.0,34.20417,38.37159,2242.0719599999998,12.18%,61,0
YELP,2023-08-01,2023-08-28,Long,923.0,45.09505,42.28767,-2591.211740000002,-6.23%,27,0
YELP,2023-09-01,2023-10-02,Long,975.0,42.89285,41.54841,-1310.8290000000056,-3.13%,31,0
MU,2016-07-01,2016-09-01,Long,87.0,13.439014933344,16.073152639119,229.16998040242518,19.60%,62,0
MU,2016-07-01,2016-10-03,Long,21.0,13.439014933344,17.330542991118,81.72208921325404,28.96%,94,0
MU,2016-07-01,2016-11-01,Long,615.0,13.439014933344,16.726215845196,2021.6285607889793,24.46%,123,0
MU,2016-08-01,2016-11-01,Long,44.0,13.419481481406,16.726215845196,145.4963120067599,24.64%,92,0
MU,2017-01-03,2017-02-01,Long,44.0,21.408663324048,23.500528206741,92.04205483849195,9.77%,29,0
MU,2017-01-03,2017-04-03,Long,89.0,21.408663324048,28.16944276959,601.7093706532379,31.58%,90,0
MU,2017-01-03,2017-05-01,Long,467.0,21.408663324048,26.970535689777,2597.394394795444,25.98%,118,0
MU,2017-03-01,2017-05-01,Long,17.0,22.893205671336,26.970535689777,69.31461031349706,17.81%,61,0
MU,2017-11-01,2017-12-04,Long,379.0,43.276362768639,40.928543318169,-889.8235717281294,-5.43%,33,0
MU,2017-12-01,2017-12-04,Long,11.0,41.401151382591,40.928543318169,-5.198688708642052,-1.14%,3,0
MU,2018-04-02,2018-04-09,Long,311.0,50.923709202366,47.234989502226,-1147.1918267435394,-7.24%,7,0
MU,2019-09-03,2019-10-01,Long,319.0,44.213968461663,41.766803552835,-780.6456059161321,-5.53%,28,0
MU,2020-02-03,2020-03-16,Long,332.0,51.851548169421,41.903264521269,-3302.8301711864638,-19.19%,42,0
MU,2020-12-01,2021-01-04,Long,435.0,62.594946735321,73.279540049058,4647.7980914755935,17.07%,34,0
MU,2022-01-03,2022-01-24,Long,419.0,91.201358122875,80.055801887175,-4669.988062758305,-12.22%,21,0
MU,2024-06-03,2024-07-01,Long,333.0,124.3056439625,130.538033398899,2075.3856823208635,5.01%,28,0
QRVO,2016-08-01,2016-08-08,Long,162.0,63.29323,54.99495,-1344.3213599999997,-13.11%,7,0
QRVO,2017-03-01,2017-04-03,Long,198.0,66.1661,68.49144,460.41731999999945,3.51%,33,0
QRVO,2019-09-03,2019-10-01,Long,197.0,71.50143,74.06586,505.1927100000003,3.59%,28,0
QRVO,2019-12-02,2020-02-03,Long,146.0,104.31421,105.75414,210.22978000000057,1.38%,63,0
QRVO,2024-08-01,2024-08-05,Long,343.0,119.9198,107.82207,-4149.52139,-10.09%,4,0
GRPN,2016-09-01,2016-10-03,Long,102.0,106.7066,102.897,-388.5791999999989,-3.57%,32,0
GRPN,2017-09-01,2017-10-02,Long,20.0,88.8888,103.896,300.14399999999995,16.88%,31,0
GRPN,2017-09-01,2017-11-01,Long,154.0,88.8888,95.3046,988.0331999999985,7.22%,61,0
GRPN,2017-12-01,2018-01-02,Long,143.0,112.9128,101.898,-1575.1164000000012,-9.76%,32,0
GRPN,2021-01-04,2021-01-25,Long,732.0,38.032995,32.45751,-4081.2550200000005,-14.66%,21,0
GRPN,2023-08-01,2023-09-01,Long,1887.0,7.9079,12.35763,8396.640510000001,56.27%,31,0
GRPN,2023-08-01,2023-10-02,Long,624.0,7.9079,15.30468,4615.59072,93.54%,62,0
GRPN,2023-08-01,2023-12-01,Long,2756.0,7.9079,11.29869,9345.017240000003,42.88%,122,0
GRPN,2024-03-01,2024-03-18,Long,2462.0,18.52851,12.57741,-14651.6082,-32.12%,17,0
JWN,2016-09-01,2016-11-01,Long,282.0,38.852580168402,39.9583340676,311.8225995738359,2.85%,61,0
JWN,2018-02-01,2018-03-01,Long,444.0,39.544729479255,41.066437709745,675.6384543375627,3.85%,28,0
JWN,2021-01-04,2021-02-01,Long,60.0,27.195089038117,30.827930176035,217.97046827507998,13.36%,28,0
JWN,2021-01-04,2021-03-01,Long,965.0,27.195089038117,31.697547388335,4344.87230796037,16.56%,56,0
JWN,2023-08-01,2023-08-21,Long,1953.0,21.314896133531,17.590386136869,-7273.968023480887,-17.47%,20,0
JWN,2024-02-01,2024-03-01,Long,2463.0,17.16434154435,19.79157514347,6470.876354632561,15.31%,29,0
JWN,2024-06-03,2024-07-01,Long,1961.0,21.13521763353,20.421715400442,-1399.177879085569,-3.38%,28,0
MS,2016-10-03,2016-11-01,Long,41.0,24.621490557664,25.883792282016,51.754370698431984,5.13%,29,0
MS,2016-10-03,2016-12-01,Long,36.0,24.621490557664,31.905609908544,262.22829663168005,29.58%,59,0
MS,2016-10-03,2017-02-01,Long,388.0,24.621490557664,32.910993473589,3216.327131378901,33.67%,121,0
MS,2021-07-01,2021-08-02,Long,464.0,78.97310973552,83.117561333904,1923.0255416501802,5.25%,32,0
MS,2021-09-01,2021-10-01,Long,398.0,90.598859783432,84.243346182144,-2529.494413312628,-7.02%,30,0
MS,2022-09-01,2022-10-03,Long,241.0,76.32081292836,70.634498389407,-1370.4018038876727,-7.45%,32,0
MS,2024-06-03,2024-07-01,Long,442.0,93.69933795222,92.87189427087,-365.73010715670205,-0.88%,28,0
MS,2024-11-01,2024-12-02,Long,19.0,113.196619536,127.897129021824,279.309680230656,12.99%,31,0
QCOM,2016-11-01,2016-12-01,Long,206.0,53.33836075568,53.18756086833,-31.064776794099416,-0.28%,30,0
QCOM,2017-12-01,2018-02-01,Long,300.0,53.931855905928,55.3737537171,432.5693433515994,2.67%,62,0
QCOM,2018-01-02,2018-02-01,Long,19.0,52.045785575784,55.3737537171,63.231394685003984,6.39%,30,0
QCOM,2018-10-01,2018-10-15,Long,280.0,60.220682566044,53.642263532508,-1841.9573293900803,-10.92%,14,0
QCOM,2020-09-01,2020-10-01,Long,15.0,106.0185651525,105.105169691928,-13.700931908580074,-0.86%,30,0
QCOM,2020-09-01,2020-11-02,Long,11.0,106.0185651525,110.178226828656,45.756278437715906,3.92%,62,0
QCOM,2020-09-01,2020-12-01,Long,11.0,106.0185651525,131.443982185257,279.679587360327,23.98%,91,0
QCOM,2020-09-01,2021-01-04,Long,207.0,106.0185651525,136.648752038424,6340.448685386266,28.89%,125,0
QCOM,2022-01-03,2022-01-24,Long,228.0,167.391983065307,150.668775677727,-3812.8912843682347,-9.99%,21,0
QCOM,2024-01-02,2024-02-01,Long,16.0,138.866348394774,142.306827920802,55.04767241644777,2.48%,30,0
QCOM,2024-01-02,2024-03-01,Long,296.0,138.866348394774,151.967207873799,3877.854405791397,9.43%,59,0
QCOM,2024-04-01,2024-04-22,Long,276.0,163.37889534967,151.813112219703,-3192.1561438708927,-7.08%,21,0
QCOM,2024-06-03,2024-07-22,Long,209.0,197.72053485184,180.073409824512,-3688.2491307115524,-8.93%,49,0
QCOM,2024-07-01,2024-07-22,Long,6.0,193.001598293504,180.073409824512,-77.56913081395203,-6.70%,21,0
ADBE,2016-11-01,2016-12-01,Long,102.0,107.61751,102.70719,-500.85263999999984,-4.56%,30,0
ADBE,2017-05-01,2017-06-01,Long,105.0,133.87374,141.71814,823.6620000000007,5.86%,31,0
ADBE,2017-12-01,2018-01-02,Long,89.0,181.65147,175.06476,-586.2171899999985,-3.63%,32,0
ADBE,2018-03-01,2018-04-02,Long,5.0,209.33913,215.86392,32.62394999999998,3.12%,32,0
ADBE,2018-03-01,2018-05-01,Long,3.0,209.33913,221.3784,36.11780999999996,5.75%,61,0
ADBE,2018-03-01,2018-06-01,Long,70.0,209.33913,249.03072,2778.4112999999993,18.96%,92,0
ADBE,2019-07-01,2019-09-03,Long,48.0,294.94465,284.22549,-514.5196800000022,-3.63%,64,0
ADBE,2020-02-03,2020-03-23,Long,49.0,351.49114,295.04466,-2765.8775199999977,-16.06%,49,0
ADBE,2021-08-02,2021-10-01,Long,54.0,622.25163,575.14428,-2543.7969,-7.57%,60,0
ADBE,2023-08-01,2023-09-01,Long,76.0,546.71617,558.78066,916.9012399999983,2.21%,31,0
ADBE,2023-12-01,2024-01-02,Long,66.0,611.62101,596.0034,-1030.7622599999934,-2.55%,32,0
MGM,2016-11-01,2016-12-01,Long,445.0,24.746508007221,27.094104697077,1044.6805269859206,9.49%,30,0
MGM,2017-06-01,2017-07-03,Long,499.0,30.123355266004,29.756372635206,-183.1243327682032,-1.22%,32,0
MGM,2019-08-01,2019-08-19,Long,478.0,29.547691845672,27.808921957284,-831.1320066494636,-5.88%,18,0
MGM,2020-01-02,2020-01-27,Long,509.0,33.031158971811,31.280738949999,-890.9637911023086,-5.30%,25,0
MGM,2020-10-01,2020-11-02,Long,1108.0,21.758610748875,20.537028418995,-1353.5132215070405,-5.61%,32,0
MGM,2023-03-01,2023-04-03,Long,764.0,43.05301,44.37558,1010.4434799999992,3.07%,33,0
SCHW,2016-11-01,2016-12-01,Long,31.0,28.19325370862,34.388896867812,192.06493793495207,21.98%,30,0
SCHW,2016-11-01,2017-03-01,Long,359.0,28.19325370862,36.018176115654,2809.1471441252065,27.75%,120,0
SCHW,2018-01-02,2018-02-01,Long,360.0,46.139099482476,47.812777194168,602.5239762091203,3.63%,30,0
SCHW,2020-01-02,2020-02-03,Long,384.0,43.787989650405,41.862414885795,-739.4207096102418,-4.40%,32,0
SCHW,2020-11-02,2020-12-01,Long,31.0,38.401643851571,45.653049138114,224.79356388283293,18.88%,29,0
SCHW,2020-11-02,2021-01-04,Long,596.0,38.401643851571,49.639969788552,6698.042258440675,29.27%,63,0
SCHW,2021-06-01,2021-06-21,Long,521.0,69.66029195125,65.73675219525,-2044.1642128759984,-5.63%,20,0
SCHW,2022-02-01,2022-03-01,Long,407.0,83.10925644021,80.048315118438,-1245.8031179612065,-3.68%,28,0
SCHW,2024-01-02,2024-01-22,Long,646.0,67.04254404848,62.026599649662,-3240.3000816364233,-7.48%,20,0
SCHW,2024-05-01,2024-06-03,Long,586.0,72.350720036595,71.786868344928,-330.41709131686866,-0.78%,33,0
SCHW,2024-12-02,2024-12-23,Long,541.0,81.840428878208,73.337497539552,-4600.085854212894,-10.39%,21,0
C,2016-12-01,2017-02-01,Long,291.0,42.554487494519,42.047706147057,-147.4733721114427,-1.19%,62,0
C,2017-08-01,2017-09-01,Long,296.0,51.941678613825,51.758415946827,-54.245749431407205,-0.35%,31,0
C,2023-03-01,2023-03-20,Long,716.0,45.928013026896,40.019649602688,-4230.388211732927,-12.86%,19,0
C,2024-01-02,2024-02-01,Long,96.0,48.30314152664,52.63931776023,416.27291842464024,8.98%,30,0
C,2024-01-02,2024-03-01,Long,801.0,48.30314152664,52.479466169832,3345.236039196795,8.65%,59,0
C,2024-06-03,2024-07-01,Long,695.0,59.581860171834,60.588896739714,699.8904146766001,1.69%,28,0
WFC,2017-01-03,2017-02-01,Long,299.0,42.933394291788,43.796154169836,257.9652035363528,2.01%,29,0
WFC,2019-11-01,2019-12-02,Long,341.0,43.860566241492,46.622540468322,941.8332113490295,6.30%,31,0
WFC,2021-05-03,2021-06-21,Long,884.0,40.326377355264,37.379743287552,-2604.8245158574055,-7.31%,49,0
WFC,2024-04-01,2024-05-01,Long,68.0,55.710394271532,56.903687196156,81.14391887443176,2.14%,30,0
WFC,2024-04-01,2024-06-03,Long,743.0,55.710394271532,57.80969267976,1559.7787173134,3.77%,63,0
WFC,2024-12-02,2024-12-23,Long,594.0,74.62456645644,68.77516487112,-3474.544541680077,-7.84%,21,0
AAPL,2017-03-01,2017-05-01,Long,414.0,31.702786486371,33.177649224915,610.5931737572164,4.65%,61,0
AAPL,2018-09-04,2018-10-29,Long,311.0,53.9071676245602,51.1216597698975,-866.292942800101,-5.17%,55,0
AAPL,2019-05-01,2019-05-20,Long,328.0,47.8928606701545,45.1908743895,-886.2515000546744,-5.64%,19,0
AAPL,2019-10-01,2019-11-01,Long,14.0,53.863475648983,59.705794603836,81.79246536794199,10.85%,31,0
AAPL,2019-10-01,2019-12-02,Long,13.0,53.863475648983,64.3362215778,136.14569707462107,19.44%,62,0
AAPL,2019-10-01,2020-02-03,Long,6.0,53.863475648983,74.509649917848,123.87704561318998,38.33%,125,0
AAPL,2019-10-01,2020-05-01,Long,231.0,53.863475648983,70.895578779675,3934.4158231898537,31.62%,213,0
AAPL,2020-07-01,2020-08-03,Long,15.0,88.44327059568,102.842157311586,215.98330073859003,16.28%,33,0
AAPL,2020-07-01,2020-10-01,Long,210.0,88.44327059568,112.287077090433,5007.199363898129,26.96%,92,0
AAPL,2021-08-02,2021-10-01,Long,239.0,142.404158244348,138.07800742635,-1033.9500455015182,-3.04%,60,0
AAPL,2022-01-03,2022-01-24,Long,219.0,173.875996853559,158.713626567933,-3320.5590925520933,-8.72%,21,0
AAPL,2022-02-01,2022-02-28,Long,197.0,171.144037450386,161.30334044475,-1938.6173101102925,-5.75%,27,0
AAPL,2023-04-03,2023-05-01,Long,8.0,162.85997957229,167.246018096472,35.08830819345599,2.69%,28,0
AAPL,2023-04-03,2023-07-03,Long,208.0,162.85997957229,191.452035317004,5947.147594900513,17.56%,91,0
AAPL,2023-06-01,2023-07-03,Long,6.0,175.2993295053,191.452035317004,96.91623487022406,9.21%,32,0
AAPL,2024-07-01,2024-08-01,Long,12.0,209.408335554418,220.361244285888,131.4349047776402,5.23%,31,0
AAPL,2024-07-01,2024-09-03,Long,186.0,209.408335554418,227.4907059756,3363.320898339856,8.63%,64,0
AMGN,2017-03-01,2017-03-27,Long,96.0,135.657231997287,127.111011696054,-820.4371489183673,-6.30%,26,0
AMGN,2017-08-01,2017-09-01,Long,113.0,135.07444798848,138.248944624044,358.7181198187317,2.35%,31,0
AMGN,2018-08-01,2018-09-04,Long,103.0,156.57177017482,159.931856080971,346.08884833355296,2.15%,34,0
AMGN,2019-09-03,2019-09-30,Long,81.0,172.46393501337,160.83283685931,-942.1189504788599,-6.74%,27,0
AMGN,2020-01-02,2020-01-27,Long,83.0,200.614223486677,187.356950154351,-1100.3536865830563,-6.61%,25,0
AMGN,2022-02-01,2022-03-01,Long,168.0,200.255950436542,200.983739483592,122.26855990439685,0.36%,28,0
AMGN,2022-06-01,2022-06-13,Long,87.0,230.127525235608,214.701845729508,-1342.0341170307008,-6.70%,12,0
AMGN,2022-12-01,2022-12-19,Long,142.0,260.47744330608,242.720334279423,-2521.5094817852887,-6.82%,18,0
AMGN,2023-09-01,2023-10-02,Long,6.0,239.33690038258,250.43171372388,66.5688800477999,4.64%,31,0
AMGN,2023-09-01,2023-12-01,Long,168.0,239.33690038258,253.227209821488,2333.5719857365425,5.80%,91,0
VRTX,2017-05-01,2017-07-03,Long,118.0,118.4183,128.74113,1218.0939399999995,8.72%,63,0
VRTX,2017-06-01,2017-07-03,Long,3.0,123.7236,128.74113,15.05258999999998,4.06%,32,0
VRTX,2017-08-01,2017-09-01,Long,101.0,151.97182,160.37946,849.1716399999987,5.53%,31,0
VRTX,2019-12-02,2020-02-03,Long,69.0,221.97175,226.82295,334.7328000000004,2.19%,63,0
VRTX,2020-01-02,2020-02-03,Long,7.0,219.16895,226.82295,53.577999999999975,3.49%,32,0
VRTX,2020-05-01,2020-07-01,Long,34.0,251.4512,290.01969,1311.3286600000008,15.34%,61,0
VRTX,2020-06-01,2020-07-01,Long,29.0,288.24796,290.01969,51.380170000001385,0.61%,30,0
VRTX,2022-02-01,2022-03-01,Long,139.0,243.29305,229.78998,-1876.9267299999972,-5.55%,28,0
VRTX,2022-12-01,2023-01-03,Long,117.0,316.7164,288.49122,-3302.3460600000026,-8.91%,33,0
VRTX,2023-05-01,2023-06-01,Long,102.0,341.07073,323.24643,-1818.0786000000053,-5.23%,31,0
VRTX,2024-07-01,2024-08-01,Long,6.0,469.18872,495.22428,156.2133600000002,5.55%,31,0
VRTX,2024-07-01,2024-09-03,Long,82.0,469.18872,495.39411,2148.841980000002,5.59%,64,0
ISRG,2017-05-01,2017-06-01,Long,4.0,92.9672175545113,101.529369332867,34.24860711342285,9.21%,31,0
ISRG,2017-05-01,2017-07-03,Long,4.0,92.9672175545113,103.825956829584,43.43495710029083,11.68%,63,0
ISRG,2017-05-01,2017-08-01,Long,143.0,92.9672175545113,104.146746479923,1598.6726363338735,12.03%,92,0
ISRG,2018-09-04,2018-10-01,Long,89.0,186.853314648,191.1419808858,381.69129516419883,2.30%,27,0
ISRG,2020-09-01,2020-09-21,Long,106.0,243.856922280972,218.304788169519,-2708.526215814018,-10.48%,20,0
ISRG,2021-06-01,2021-07-01,Long,129.0,281.007365232594,306.240089375988,3255.021414497829,8.98%,30,0
ISRG,2021-08-02,2021-10-01,Long,103.0,330.817120251618,331.051916894805,24.184054248260622,0.07%,60,0
ISRG,2023-01-03,2023-01-30,Long,63.0,265.61535,247.01274,-1171.9644299999982,-7.00%,27,0
ISRG,2023-06-01,2023-07-03,Long,5.0,308.14784,341.59806,167.2511,10.86%,32,0
ISRG,2023-06-01,2023-08-01,Long,116.0,308.14784,324.0756,1847.620160000004,5.17%,61,0
ISRG,2024-02-01,2024-04-01,Long,111.0,378.59822,398.69091,2230.288589999994,5.31%,60,0
ISRG,2024-03-01,2024-04-01,Long,7.0,385.9856,398.69091,88.93716999999998,3.29%,31,0
ISRG,2024-07-01,2024-09-03,Long,9.0,445.29485,492.13737,421.5826799999998,10.52%,64,0
ISRG,2024-07-01,2024-11-01,Long,84.0,445.29485,503.33616,4875.470040000001,13.03%,123,0
ICE,2017-08-01,2017-09-01,Long,256.0,59.931843473502,57.983038174746,-498.8941564815359,-3.25%,31,0
ICE,2019-07-01,2019-08-01,Long,5.0,79.188503660266,80.795913763446,8.037050515900006,2.03%,31,0
ICE,2019-07-01,2019-09-03,Long,174.0,79.188503660266,85.964056665228,1178.946222863389,8.56%,64,0
ICE,2021-12-01,2022-01-03,Long,302.0,123.77607954712,129.562378367562,1747.4622437734795,4.67%,33,0
ICE,2024-08-01,2024-09-03,Long,14.0,149.161349361024,158.67557471088,133.19915489798387,6.38%,33,0
ICE,2024-08-01,2024-11-01,Long,261.0,149.161349361024,153.5247893322,1138.8578324769303,2.93%,92,0
CSCO,2018-01-02,2018-02-01,Long,554.0,30.02498085587,32.742297389538,1505.3933596520724,9.05%,30,0
CSCO,2018-03-01,2018-03-26,Long,465.0,35.366764867434,33.435923333274,-897.8413133844011,-5.46%,25,0
CSCO,2018-10-01,2018-10-15,Long,432.0,39.0340133183,36.849310255548,-943.791723108864,-5.60%,14,0
CSCO,2019-04-01,2019-07-01,Long,346.0,43.949075277107,44.743950074187,275.0266797896795,1.81%,91,0
CSCO,2021-05-03,2021-06-01,Long,802.0,44.409349929945,46.05305040045,1318.2477773450066,3.70%,29,0
CSCO,2023-01-03,2023-02-01,Long,387.0,43.451704308012,44.656430713155,466.22911879034064,2.77%,29,0
CSCO,2024-11-01,2024-12-02,Long,778.0,53.162016963055,57.356835265485,3263.5686392905404,7.89%,31,0
TRIP,2018-04-02,2018-04-30,Long,435.0,36.398837670195,33.110154587115,-1430.577141139801,-9.04%,28,0
TRIP,2018-07-02,2018-08-01,Long,26.0,49.591079643105,51.517517158755,50.08737540690002,3.88%,30,0
TRIP,2018-07-02,2018-09-04,Long,313.0,49.591079643105,48.248255852595,-420.30384642962883,-2.71%,64,0
TRIP,2021-03-01,2021-04-01,Long,52.0,49.66962,53.73621,211.4626799999999,8.19%,31,0
TRIP,2021-03-01,2021-05-03,Long,666.0,49.66962,47.08287,-1722.7755000000013,-5.21%,63,0
TRIP,2023-12-01,2024-01-02,Long,2292.0,17.84783,21.50847,8390.186880000001,20.51%,32,0
TRIP,2024-02-01,2024-03-01,Long,256.0,21.6216,26.79318,1323.9244799999997,23.92%,29,0
TRIP,2024-02-01,2024-04-01,Long,74.0,21.6216,27.76221,454.4051399999999,28.40%,60,0
TRIP,2024-02-01,2024-05-01,Long,1624.0,21.6216,26.30367,7603.681679999999,21.65%,90,0
COP,2018-05-01,2018-07-02,Long,313.0,50.1708386179,53.439723021762,1023.1608184088049,6.52%,62,0
COP,2018-06-01,2018-07-02,Long,11.0,51.823862152062,53.439723021762,17.774469566700006,3.12%,31,0
COP,2021-04-01,2021-04-26,Long,813.0,44.086096870816,41.298493382784,-2266.3216357700144,-6.32%,25,0
COP,2021-07-01,2021-07-19,Long,717.0,51.08051582634,46.4581995957,-3314.200737368877,-9.05%,18,0
COP,2021-11-01,2021-11-22,Long,613.0,63.335197109184,59.067718530624,-2615.9643686572813,-6.74%,21,0
COP,2022-02-01,2022-03-01,Long,232.0,75.558312237408,81.123015787992,1291.0112237354879,7.36%,28,0
COP,2022-02-01,2022-06-01,Long,212.0,75.558312237408,96.808661828604,4505.074113333551,28.12%,120,0
COP,2022-02-01,2022-07-11,Long,3.0,75.558312237408,75.07143273069,-1.4606385201539922,-0.64%,160,0
COP,2022-04-01,2022-07-11,Long,204.0,85.9459601,75.07143273069,-2218.4035833392372,-12.65%,101,0
COP,2022-11-01,2022-12-12,Long,162.0,113.318648356914,99.055896862086,-2310.5657421621354,-12.59%,41,0
COP,2022-12-01,2022-12-12,Long,170.0,111.424169263407,99.055896862086,-2102.6063082245687,-11.10%,11,0
COP,2023-09-01,2023-12-01,Long,377.0,110.90892138326,108.553845718773,-887.863525511595,-2.12%,91,0
COP,2024-05-01,2024-06-03,Long,356.0,119.07336878437,110.890082564352,-2913.2498943264095,-6.87%,33,0
OXY,2018-06-01,2018-07-02,Long,240.0,69.83984351344,69.892157911968,12.555455646719338,0.07%,31,0
OXY,2021-01-04,2021-02-01,Long,131.0,16.32768015879,18.88381582146,334.85377180977025,15.66%,28,0
OXY,2021-01-04,2021-03-01,Long,153.0,16.32768015879,25.04976764751,1334.47938577416,53.42%,56,0
OXY,2021-01-04,2021-04-01,Long,1422.0,16.32768015879,25.067603437866,12428.170902846075,53.53%,87,0
OXY,2021-11-01,2021-11-22,Long,1226.0,31.661397489722,27.442224194112,-5172.706460417858,-13.33%,21,0
OXY,2022-03-01,2022-06-01,Long,365.0,41.306384312193,65.493813149478,8828.411525609024,58.56%,92,0
OXY,2022-03-01,2022-09-01,Long,33.0,41.306384312193,67.2173492661,855.0618434789309,62.73%,184,0
OXY,2022-03-01,2022-11-01,Long,26.0,41.306384312193,68.8706772831,716.6716172435817,66.73%,245,0
OXY,2022-04-01,2022-11-01,Long,247.0,53.723252570988,68.8706772831,3741.413903891662,28.20%,214,0
OXY,2023-10-02,2023-10-09,Long,677.0,62.333530803544,58.87225463418,-2343.283966659427,-5.55%,7,0
OXY,2024-05-01,2024-06-03,Long,663.0,63.977634706986,60.33584750625,-2414.504914087971,-5.69%,33,0
EOG,2018-06-01,2018-07-02,Long,189.0,88.561521096048,93.388607894016,912.3194048159535,5.45%,31,0
EOG,2021-04-01,2021-05-03,Long,625.0,57.398986658013,58.486477401576,679.6817147268763,1.89%,32,0
EOG,2021-07-01,2021-07-19,Long,552.0,66.402521289104,59.76056849112,-3666.3579444871702,-10.00%,18,0
EOG,2021-11-01,2021-11-22,Long,516.0,75.252341306142,69.594832838664,-2919.274369218646,-7.52%,21,0
EOG,2022-02-01,2022-03-01,Long,180.0,93.524395340376,96.217701288696,484.79507069760047,2.88%,28,0
EOG,2022-02-01,2022-06-01,Long,181.0,93.524395340376,116.362741515264,4133.740657654728,24.42%,120,0
EOG,2022-04-01,2022-06-01,Long,4.0,100.890821307276,116.362741515264,61.887680831952025,15.34%,61,0
EOG,2022-04-01,2022-07-11,Long,172.0,100.890821307276,90.88346288268,-1721.2656490305108,-9.92%,101,0
EOG,2022-11-01,2022-12-12,Long,152.0,120.89346373104,107.52797323116,-2031.5545559817594,-11.06%,41,0
EOG,2022-12-01,2022-12-12,Long,143.0,125.68421701836,107.52797323116,-2596.3428615696,-14.45%,11,0
EOG,2023-09-01,2023-10-02,Long,352.0,118.653170333698,116.703661721796,-686.2270313895056,-1.64%,31,0
EOG,2024-05-01,2024-06-03,Long,336.0,126.049460324788,118.58088799242,-2509.4403036756476,-5.93%,33,0
GOOGL,2018-08-01,2018-09-04,Long,265.0,60.961754714861,61.06700845341,27.892240715483823,0.17%,34,0
GOOGL,2019-09-03,2019-11-01,Long,238.0,59.1391908872765,62.40554492706,777.3922614684732,5.52%,59,0
GOOGL,2021-06-01,2021-07-01,Long,310.0,117.075757891592,121.05277688866,1232.8758890910804,3.40%,30,0
GOOGL,2021-09-01,2021-10-01,Long,251.0,143.756025860948,132.540890112324,-2814.999072904622,-7.80%,30,0
GOOGL,2023-06-01,2023-07-03,Long,307.0,122.07054646787,118.6835673303,-1039.8025952339926,-2.77%,32,0
GOOGL,2024-06-03,2024-07-01,Long,13.0,171.3776289225,180.810552670785,122.6280087277049,5.50%,28,0
GOOGL,2024-06-03,2024-08-01,Long,229.0,171.3776289225,170.278573731246,-251.683638797165,-0.64%,59,0
MCHP,2019-03-01,2019-04-01,Long,389.0,38.2957403303475,36.49898625822,-698.9373340575969,-4.69%,31,0
MCHP,2020-07-01,2020-08-03,Long,420.0,47.3611433289995,45.6596965065915,-714.6076654113608,-3.59%,33,0
MCHP,2021-10-01,2021-10-18,Long,486.0,70.0527889936875,66.30080507775,-1823.4641831456256,-5.36%,17,0
F,2019-07-01,2019-07-29,Long,1828.0,7.777699691762,7.376965458192,-732.5421789659595,-5.15%,28,0
F,2020-11-02,2020-12-01,Long,139.0,6.171734930361,7.2390922958655,148.3626738051256,17.29%,29,0
F,2020-11-02,2021-01-04,Long,3761.0,6.171734930361,7.004030960997,3130.265371221999,13.49%,63,0
F,2021-04-01,2021-05-03,Long,3664.0,9.788547250482,9.1912966024005,-2188.326374570617,-6.10%,32,0
F,2021-12-01,2022-01-03,Long,140.0,15.40672381248,16.633244668437,171.71291983398027,7.96%,33,0
F,2021-12-01,2022-02-01,Long,2293.0,15.40672381248,16.348486702446,2159.4623066920385,6.11%,62,0
F,2022-09-01,2022-09-26,Long,1474.0,12.505353861,10.07840876274,-3577.3170748352386,-19.41%,25,0
IBM,2021-05-03,2021-07-01,Long,318.0,111.865483746001,116.636962508444,1517.3302464568728,4.27%,59,0
IBM,2022-02-01,2022-02-28,Long,296.0,114.174585899374,107.212054200426,-2060.9093828886075,-6.10%,27,0
IBM,2022-06-01,2022-07-25,Long,165.0,121.565889280836,112.069106886825,-1566.969095011816,-7.81%,54,0
IBM,2024-09-03,2024-10-01,Long,18.0,195.693774680404,213.612715521936,322.54093514757585,9.16%,28,0
IBM,2024-09-03,2024-11-01,Long,194.0,195.693774680404,199.737744493824,784.5301438034811,2.07%,59,0
